股票代號,股票名稱,ISIN Code,上市日,市場別,產業別,類型
0050,元大台灣50,TW0000050004,2003/06/30,上市,,ETF
0051,元大中型100,TW0000051002,2006/08/31,上市,,ETF
0052,富邦科技,TW0000052000,2006/09/12,上市,,ETF
0053,元大電子,TW0000053008,2007/07/16,上市,,ETF
0054,元大台商50,TW0000054006,2007/07/16,上市,,ETF
0055,元大MSCI金融,TW0000055003,2007/07/16,上市,,ETF
0056,元大高股息,TW0000056001,2007/12/26,上市,,ETF
0057,富邦摩台,TW0000057009,2008/02/27,上市,,ETF
0061,元大寶滬深,TW0000061001,2009/08/17,上市,,ETF
006201,元大富櫃50,TW0000062017,2011/01/27,上櫃,,ETF
006203,元大MSCI台灣,TW0000062033,2011/05/12,上市,,ETF
006204,永豐臺灣加權,TW0000062041,2011/09/28,上市,,ETF
006205,富邦上証,TW0000062058,2011/09/26,上市,,ETF
006206,元大上證50,TW0000062066,2012/05/11,上市,,ETF
006207,FH滬深,TW0000062074,2012/06/22,上市,,ETF
006208,富邦台50,TW0000062082,2012/07/17,上市,,ETF
00625K,富邦上証+R,TW00000625K4,2016/08/08,上市,,ETF
00631L,元大台灣50正2,TW00000631L0,2014/10/31,上市,,ETF
00632R,元大台灣50反1,TW00000632R5,2014/10/31,上市,,ETF
00633L,富邦上証正2,TW00000633L6,2014/11/25,上市,,ETF
00634R,富邦上証反1,TW00000634R1,2014/11/25,上市,,ETF
00635U,期元大S&P黃金,TW00000635U2,2015/04/15,上市,,ETF
00636,國泰中國A50,TW0000063601,2015/04/01,上市,,ETF
00636K,國泰中國A50+U,TW00000636K1,2017/10/24,上市,,ETF
00637L,元大滬深300正2,TW00000637L7,2015/05/18,上市,,ETF
00638R,元大滬深300反1,TW00000638R2,2015/05/18,上市,,ETF
00639,富邦深100,TW0000063908,2015/06/09,上市,,ETF
00640L,富邦日本正2,TW00000640L1,2015/09/10,上市,,ETF
00641R,富邦日本反1,TW00000641R6,2015/09/10,上市,,ETF
00642U,期元大S&P石油,TW00000642U8,2015/09/07,上市,,ETF
00643,群益深証中小,TW0000064302,2015/12/02,上市,,ETF
00643K,群益深証中小+R,TW00000643K7,2016/08/26,上市,,ETF
00645,富邦日本,TW0000064500,2015/11/06,上市,,ETF
00646,元大S&P500,TW0000064609,2015/12/14,上市,,ETF
00647L,元大S&P500正2,TW00000647L6,2015/12/14,上市,,ETF
00648R,元大S&P500反1,TW00000648R1,2015/12/14,上市,,ETF
00650L,FH香港正2,TW00000650L0,2016/01/27,上市,,ETF
00651R,FH香港反1,TW00000651R5,2016/01/27,上市,,ETF
00652,富邦印度,TW0000065200,2016/03/29,上市,,ETF
00653L,富邦印度正2,TW00000653L4,2016/03/29,上市,,ETF
00654R,富邦印度反1,TW00000654R9,2016/03/29,上市,,ETF
00655L,國泰中國A50正2,TW00000655L9,2016/03/18,上市,,ETF
00656R,國泰中國A50反1,TW00000656R4,2016/03/18,上市,,ETF
00657,國泰日經225,TW0000065705,2016/05/09,上市,,ETF
00657K,國泰日經225+U,TW00000657K7,2017/10/24,上市,,ETF
00660,元大歐洲50,TW0000066000,2016/07/15,上市,,ETF
00661,元大日經225,TW0000066109,2016/07/15,上市,,ETF
00662,富邦NASDAQ,TW0000066208,2016/06/24,上市,,ETF
00663L,國泰臺灣加權正2,TW00000663L3,2016/07/14,上市,,ETF
00664R,國泰臺灣加權反1,TW00000664R8,2016/07/14,上市,,ETF
00665L,富邦恒生國企正2,TW00000665L8,2016/08/05,上市,,ETF
00666R,富邦恒生國企反1,TW00000666R3,2016/08/05,上市,,ETF
00668,國泰美國道瓊,TW0000066802,2016/10/17,上市,,ETF
00668K,國泰美國道瓊+U,TW00000668K4,2017/10/24,上市,,ETF
00669R,國泰美國道瓊反1,TW00000669R7,2016/10/17,上市,,ETF
00670L,富邦NASDAQ正2,TW00000670L8,2017/02/21,上市,,ETF
00671R,富邦NASDAQ反1,TW00000671R3,2017/02/21,上市,,ETF
00673R,期元大S&P原油反1,TW00000673R9,2016/10/07,上市,,ETF
00674R,期元大S&P黃金反1,TW00000674R7,2016/10/07,上市,,ETF
00675L,富邦臺灣加權正2,TW00000675L7,2016/10/05,上市,,ETF
00676R,富邦臺灣加權反1,TW00000676R2,2016/10/05,上市,,ETF
00677U,期富邦VIX,TW00000677U4,2016/12/30,上市,,ETF
00678,群益NBI生技,TW0000067800,2017/01/09,上市,,ETF
00679B,元大美債20年,TW00000679B0,2017/01/17,上櫃,,ETF
00680L,元大美債20正2,TW00000680L7,2017/01/17,上市,,ETF
00681R,元大美債20反1,TW00000681R2,2017/01/17,上市,,ETF
00682U,期元大美元指數,TW00000682U4,2017/03/14,上市,,ETF
00683L,期元大美元指正2,TW00000683L1,2017/03/14,上市,,ETF
00684R,期元大美元指反1,TW00000684R6,2017/03/14,上市,,ETF
00685L,群益臺灣加權正2,TW00000685L6,2017/03/30,上市,,ETF
00686R,群益臺灣加權反1,TW00000686R1,2017/03/30,上市,,ETF
00687B,國泰20年美債,TW00000687B3,2017/04/13,上櫃,,ETF
00688L,國泰20年美債正2,TW00000688L0,2017/04/13,上市,,ETF
00689R,國泰20年美債反1,TW00000689R5,2017/04/13,上市,,ETF
00690,兆豐藍籌30,TW0000069004,2017/03/31,上市,,ETF
00692,富邦公司治理,TW0000069202,2017/05/17,上市,,ETF
00693U,期街口S&P黃豆,TW00000693U1,2017/04/25,上市,,ETF
00694B,富邦美債1-3年,TW00000694B9,2017/06/08,上櫃,,ETF
00695B,富邦美債7-10年,TW00000695B6,2017/06/08,上櫃,,ETF
00696B,富邦美債20年,TW00000696B4,2017/06/08,上櫃,,ETF
00697B,元大美債7-10,TW00000697B2,2017/06/23,上櫃,,ETF
00700,富邦恆生國企,TW0000070002,2017/07/21,上市,,ETF
00701,國泰股利精選30,TW0000070101,2017/08/17,上市,,ETF
00702,國泰標普低波高息,TW0000070200,2017/08/17,上市,,ETF
00703,台新MSCI中國,TW0000070309,2017/08/10,上市,,ETF
00706L,期元大S&P日圓正2,TW00000706L0,2017/09/01,上市,,ETF
00707R,期元大S&P日圓反1,TW00000707R5,2017/09/01,上市,,ETF
00708L,期元大S&P黃金正2,TW00000708L6,2017/09/01,上市,,ETF
00709,富邦歐洲,TW0000070903,2017/08/15,上市,,ETF
00710B,FH彭博高收益債,TW00000710B3,2017/08/21,上市,,ETF
00711B,FH彭博新興債,TW00000711B1,2017/08/21,上市,,ETF
00712,FH富時不動產,TW0000071208,2017/08/21,上市,,ETF
00713,元大台灣高息低波,TW0000071307,2017/09/27,上市,,ETF
00714,群益道瓊美國地產,TW0000071406,2017/10/27,上市,,ETF
00715L,期街口S&P布蘭特油正2,TW00000715L1,2017/11/16,上市,,ETF
00717,富邦美國特別股,TW0000071703,2017/11/29,上市,,ETF
00718B,富邦中國政策債,TW00000718B6,2018/02/08,上櫃,,ETF
00719B,元大美債1-3,TW00000719B4,2018/02/01,上櫃,,ETF
00720B,元大投資級公司債,TW00000720B2,2018/02/01,上櫃,,ETF
00721B,元大中國債3-5,TW00000721B0,2018/02/01,上櫃,,ETF
00722B,群益15年IG電信債,TW00000722B8,2017/12/15,上櫃,,ETF
00723B,群益15年IG科技債,TW00000723B6,2017/12/15,上櫃,,ETF
00724B,群益10年IG金融債,TW00000724B4,2017/12/15,上櫃,,ETF
00725B,國泰投資級公司債,TW00000725B1,2018/02/07,上櫃,,ETF
00726B,國泰5Y+新興債,TW00000726B9,2018/02/07,上櫃,,ETF
00727B,國泰1-5Y高收債,TW00000727B7,2018/02/07,上櫃,,ETF
00728,第一金工業30,TW0000072800,2018/04/18,上市,,ETF
00730,富邦臺灣優質高息,TW0000073006,2018/02/08,上市,,ETF
00731,FH富時高息低波,TW0000073105,2018/04/20,上市,,ETF
00732,國泰RMB短期報酬,TW0000073204,2018/05/14,上市,,ETF
00733,富邦臺灣中小,TW0000073303,2018/05/17,上市,,ETF
00734B,台新JPM新興債,TW00000734B3,2018/05/24,上櫃,,ETF
00735,國泰臺韓科技,TW0000073501,2018/06/11,上市,,ETF
00736,國泰新興市場,TW0000073600,2018/06/11,上市,,ETF
00737,國泰AI+ROBO,TW0000073709,2018/06/11,上市,,ETF
00738U,期元大道瓊白銀,TW00000738U4,2018/06/01,上市,,ETF
00739,A股,TW0000073907,2018/06/27,上市,,ETF
00740B,富邦全球投等債,TW00000740B0,2018/06/08,上櫃,,ETF
00741B,富邦全球高收債,TW00000741B8,2018/06/08,上櫃,,ETF
00742,新光內需收益,TW0000074202,2018/06/22,上市,,ETF
00743,國泰中國A150,TW0000074301,2018/08/03,上市,,ETF
00744B,國泰中國政金債5+,TW00000744B2,2018/08/03,上櫃,,ETF
00745B,富邦中政債0-1,TW00000745B9,2018/08/15,上櫃,,ETF
00746B,富邦A級公司債,TW00000746B7,2018/08/15,上櫃,,ETF
00747B,FH中國政策債,TW00000747B5,2018/09/04,上櫃,,ETF
00748B,凱基中國債3-10,TW00000748B3,2018/09/20,上櫃,,ETF
00749B,凱基新興債10+,TW00000749B1,2018/09/20,上櫃,,ETF
00750B,凱基科技債10+,TW00000750B9,2018/09/20,上櫃,,ETF
00751B,元大AAA至A公司債,TW00000751B7,2018/10/03,上櫃,,ETF
00752,中信中國50,TW0000075209,2018/10/31,上市,,ETF
00753L,中信中國50正2,TW00000753L2,2018/10/31,上市,,ETF
00754B,群益AAA-AA公司債,TW00000754B1,2018/10/22,上櫃,,ETF
00755B,群益15年IG公用債,TW00000755B8,2018/10/22,上櫃,,ETF
00756B,群益15年EM主權債,TW00000756B6,2018/10/22,上櫃,,ETF
00757,統一FANG+,TW0000075704,2018/12/06,上市,,ETF
00758B,FH能源債,TW00000758B2,2018/11/14,上櫃,,ETF
00759B,FH製藥債,TW00000759B0,2018/11/14,上櫃,,ETF
00760B,FH新興企業債,TW00000760B8,2018/11/14,上櫃,,ETF
00761B,國泰A級公司債,TW00000761B6,2018/11/30,上櫃,,ETF
00762,元大全球AI,TW0000076207,2019/01/23,上市,,ETF
00763U,期街口道瓊銅,TW00000763U2,2018/12/19,上市,,ETF
00764B,群益25年美債,TW00000764B0,2018/12/24,上櫃,,ETF
00765B,群益中國政金債,TW00000765B7,2018/12/24,上櫃,,ETF
00768B,FH20年美債,TW00000768B1,2019/01/28,上櫃,,ETF
00770,國泰北美科技,TW0000077007,2019/01/29,上市,,ETF
00771,元大US高息特別股,TW0000077106,2019/05/16,上市,,ETF
00772B,中信高評級公司債,TW00000772B3,2019/01/29,上櫃,,ETF
00773B,中信優先金融債,TW00000773B1,2019/01/29,上櫃,,ETF
00774B,新光中國政金綠債,TW00000774B9,2019/02/27,上市,,ETF
00774C,新光中政金綠債+R,TW00000774C7,2019/08/28,上市,,ETF
00775B,新光投等債15+,TW00000775B6,2019/02/15,上市,,ETF
00777B,凱基AAA至A公司債,TW00000777B2,2019/02/14,上櫃,,ETF
00778B,凱基金融債20+,TW00000778B0,2019/02/14,上櫃,,ETF
00779B,凱基美債25+,TW00000779B8,2019/02/14,上櫃,,ETF
00780B,國泰A級金融債,TW00000780B6,2019/03/07,上櫃,,ETF
00781B,國泰A級科技債,TW00000781B4,2019/03/07,上櫃,,ETF
00782B,國泰A級公用債,TW00000782B2,2019/03/07,上櫃,,ETF
00783,富邦中証500,TW0000078302,2019/03/27,上市,,ETF
00784B,富邦中國投等債,TW00000784B8,2019/03/27,上櫃,,ETF
00785B,富邦金融投等債,TW00000785B5,2019/03/27,上櫃,,ETF
00786B,元大10年IG銀行債,TW00000786B3,2019/04/02,上櫃,,ETF
00787B,元大10年IG醫療債,TW00000787B1,2019/04/02,上櫃,,ETF
00788B,元大10年IG電能債,TW00000788B9,2019/04/02,上櫃,,ETF
00789B,FH公司債A3,TW00000789B7,2019/03/20,上櫃,,ETF
00790B,FH次順位IG金融債,TW00000790B5,2019/03/20,上櫃,,ETF
00791B,FH美元信用債1-5Y,TW00000791B3,2019/03/20,上櫃,,ETF
00792B,群益A級公司債,TW00000792B1,2019/04/03,上櫃,,ETF
00793B,群益AAA-A醫療債,TW00000793B9,2019/04/03,上櫃,,ETF
00794B,群益7+中國政金債,TW00000794B7,2019/04/30,上櫃,,ETF
00795B,中信美國公債20年,TW00000795B4,2019/04/11,上櫃,,ETF
00796B,中信中國債7-10,TW00000796B2,2019/04/11,上櫃,,ETF
00799B,國泰A級醫療債,TW00000799B6,2019/05/03,上櫃,,ETF
008201,BP上證50,HK0000052297,2010/12/08,上市,,ETF
00830,國泰費城半導體,TW0000083005,2019/05/03,上市,,ETF
00831B,新光美債1-3,TW00000831B7,2019/04/26,上櫃,,ETF
00832B,新光美債20+,TW00000832B5,2019/04/26,上櫃,,ETF
00834B,第一金金融債10+,TW00000834B1,2019/05/09,上櫃,,ETF
00836B,永豐10年A公司債,TW00000836B6,2019/05/22,上櫃,,ETF
00838B,永豐7-10年中國債,TW00000838B2,2019/06/13,上櫃,,ETF
00839B,凱基醫療保健債,TW00000839B0,2019/06/10,上櫃,,ETF
00840B,凱基IG精選15+,TW00000840B8,2019/06/10,上櫃,,ETF
00841B,凱基AAA-AA公司債,TW00000841B6,2019/06/10,上櫃,,ETF
00842B,台新美元銀行債,TW00000842B4,2019/06/14,上櫃,,ETF
00843B,台新中國政策債,TW00000843B2,2019/07/19,上櫃,,ETF
00844B,新光15年IG金融債,TW00000844B0,2019/07/18,上櫃,,ETF
00845B,富邦新興投等債,TW00000845B7,2019/07/16,上櫃,,ETF
00846B,富邦歐洲銀行債,TW00000846B5,2019/07/16,上櫃,,ETF
00847B,中信美國市政債,TW00000847B3,2019/07/30,上櫃,,ETF
00848B,中信新興亞洲債,TW00000848B1,2019/07/30,上櫃,,ETF
00849B,中信EM主權債0-5,TW00000849B9,2019/07/30,上櫃,,ETF
00850,元大臺灣ESG永續,TW0000085000,2019/08/23,上市,,ETF
00851,台新全球AI,TW0000085109,2019/08/12,上市,,ETF
00852L,國泰美國道瓊正2,TW00000852L2,2019/08/22,上市,,ETF
00853B,統一美債10年Aa-A,TW00000853B1,2019/09/04,上櫃,,ETF
00856B,永豐1-3年美公債,TW00000856B4,2019/09/30,上櫃,,ETF
00857B,永豐20年美公債,TW00000857B2,2019/09/30,上櫃,,ETF
00858,永豐美國500大,TW0000085802,2019/09/30,上櫃,,ETF
00859B,群益0-1年美債,TW00000859B8,2019/10/18,上櫃,,ETF
00860B,群益1-5年IG債,TW00000860B6,2019/10/18,上櫃,,ETF
00861,元大全球未來通訊,TW0000086107,2019/11/19,上市,,ETF
00862B,中信投資級公司債,TW00000862B2,2019/10/18,上櫃,,ETF
00863B,中信全球電信債,TW00000863B0,2019/10/18,上櫃,,ETF
00864B,中信美國公債0-1,TW00000864B8,2019/10/18,上櫃,,ETF
00865B,國泰US短期公債,TW00000865B5,2019/11/25,上市,,ETF
00867B,新光A-BBB電信債,TW00000867B1,2019/11/15,上櫃,,ETF
00869B,FT10-25年公司債,TW00000869B7,2019/12/13,上櫃,,ETF
00870B,元大15年EM主權債,TW00000870B5,2020/01/09,上櫃,,ETF
00872B,凱基美債1-3,TW00000872B1,2020/01/09,上櫃,,ETF
00875,國泰網路資安,TW0000087501,2020/03/30,上市,,ETF
00876,元大未來關鍵科技,TW0000087600,2020/07/07,上市,,ETF
00877,FH中國5G,TW0000087709,2020/07/22,上櫃,,ETF
00878,國泰永續高股息,TW0000087808,2020/07/20,上市,,ETF
00879B,第一金美債0-1,TW00000879B6,2020/08/18,上櫃,,ETF
00880B,第一金電信債15+,TW00000880B4,2020/08/18,上櫃,,ETF
00881,國泰台灣5G+,TW0000088103,2020/12/10,上市,,ETF
00882,中信中國高股息,TW0000088202,2021/02/04,上市,,ETF
00883B,中信ESG投資級債,TW00000883B8,2021/02/04,上櫃,,ETF
00884B,中信低碳新興債,TW00000884B6,2021/02/04,上櫃,,ETF
00885,富邦越南,TW0000088509,2021/04/19,上市,,ETF
00886,永豐美國科技,TW0000088608,2021/03/31,上櫃,,ETF
00887,永豐中國科技50大,TW0000088707,2021/03/31,上櫃,,ETF
00888,永豐台灣ESG,TW0000088806,2021/03/31,上櫃,,ETF
00889B,凱基ESG新興債15+,TW00000889B5,2021/05/10,上櫃,,ETF
00890B,15+,TW00000890B3,2021/05/10,上櫃,,ETF
01001T,土銀富邦R1,TW00001001T8,2005/03/10,上市,,受益證券-不動產投資信託
01002T,土銀國泰R1,TW00001002T6,2005/10/03,上市,,受益證券-不動產投資信託
01003T,兆豐新光R1,TW00001003T4,2005/12/26,上市,,受益證券-不動產投資信託
01004T,土銀富邦R2,TW00001004T2,2006/04/13,上市,,受益證券-不動產投資信託
01007T,兆豐國泰R2,TW00001007T5,2006/10/13,上市,,受益證券-不動產投資信託
01009T,王道圓滿R1,TW00001009T1,2018/06/21,上市,,受益證券-不動產投資信託
01010T,京城樂富R1,TW00001010T9,2018/12/05,上市,,受益證券-不動產投資信託
01014S,93中信貸a,TW00001014S3,2004/08/10,上櫃,,受益證券-資產基礎證券
01015S,93中信貸b,TW00001015S0,2004/08/10,上櫃,,受益證券-資產基礎證券
01016S,93中信貸c,TW00001016S8,2004/08/10,上櫃,,受益證券-資產基礎證券
01017S,93中信貸d,TW00001017S6,2004/08/10,上櫃,,受益證券-資產基礎證券
01107S,031中租賃A,TW00001107S5,2014/07/24,上櫃,,受益證券-資產基礎證券
01108S,031中租賃B,TW00001108S3,2014/07/24,上櫃,,受益證券-資產基礎證券
01109S,051中租賃A,TW00001109S1,2016/08/24,上櫃,,受益證券-資產基礎證券
01110S,051中租賃B,TW00001110S9,2016/08/24,上櫃,,受益證券-資產基礎證券
01111S,081中租賃A,TW00001111S7,2019/12/11,上櫃,,受益證券-資產基礎證券
01112S,081中租賃B,TW00001112S5,2019/12/11,上櫃,,受益證券-資產基礎證券
020000,富邦特選蘋果N,TW0000200005,2019/04/30,上市,,ETN
020002,元富新中國N,TW0000200021,2019/04/30,上市,,ETN
020004,兆豐電菁英30N,TW0000200047,2019/04/30,上市,,ETN
020006,永昌中小300N,TW0000200062,2019/04/30,上市,,ETN
020007,凱基臺灣500N,TW0000200070,2019/04/30,上市,,ETN
020008,元大特股高息N,TW0000200088,2019/04/30,上市,,ETN
020011,統一微波高息20N,TW0000200112,2019/12/03,上市,,ETN
020012,富邦行動通訊N,TW0000200120,2019/12/20,上市,,ETN
020015,統一MSCI美低波N,TW0000200153,2020/03/27,上市,,ETN
020016,統一MSCI美科技N,TW0000200161,2020/03/27,上市,,ETN
020018,統一價值成長30N,TW0000200187,2020/07/30,上市,,ETN
020019,統一特選台灣5GN,TW0000200195,2020/07/30,上市,,ETN
02001L,富邦蘋果正二N,TW00002001L4,2020/04/16,上市,,ETN
02001R,富邦蘋果反一N,TW00002001R1,2020/04/16,上市,,ETN
020020,元大台股領航N,TW0000200203,2020/11/02,上市,,ETN
020022,元大電動車N,TW0000200229,2020/12/08,上市,,ETN
1101,台泥,TW0001101004,1962/02/09,上市,水泥工業,股票
1101B,台泥乙特,TW0001101B05,2019/01/29,上市,,特別股
1102,亞泥,TW0001102002,1962/06/08,上市,水泥工業,股票
1103,嘉泥,TW0001103000,1969/11/14,上市,水泥工業,股票
1104,環泥,TW0001104008,1971/02/01,上市,水泥工業,股票
1108,幸福,TW0001108009,1990/06/06,上市,水泥工業,股票
1109,信大,TW0001109007,1991/12/05,上市,水泥工業,股票
1110,東泥,TW0001110005,1994/10/22,上市,水泥工業,股票
1201,味全,TW0001201002,1962/02/09,上市,食品工業,股票
1203,味王,TW0001203008,1964/08/24,上市,食品工業,股票
1210,大成,TW0001210003,1978/05/20,上市,食品工業,股票
1213,大飲,TW0001213007,1981/04/10,上市,食品工業,股票
1215,卜蜂,TW0001215002,1987/07/27,上市,食品工業,股票
1216,統一,TW0001216000,1987/12/28,上市,食品工業,股票
1217,愛之味,TW0001217008,1989/10/28,上市,食品工業,股票
1218,泰山,TW0001218006,1989/11/11,上市,食品工業,股票
1219,福壽,TW0001219004,1990/12/01,上市,食品工業,股票
1220,台榮,TW0001220002,1991/11/20,上市,食品工業,股票
1225,福懋油,TW0001225001,1993/09/27,上市,食品工業,股票
1227,佳格,TW0001227007,1994/04/09,上市,食品工業,股票
1229,聯華,TW0001229003,1976/07/19,上市,食品工業,股票
1231,聯華食,TW0001231009,1995/11/02,上市,食品工業,股票
1232,大統益,TW0001232007,1996/02/09,上市,食品工業,股票
1233,天仁,TW0001233005,1999/01/20,上市,食品工業,股票
1234,黑松,TW0001234003,1999/03/12,上市,食品工業,股票
1235,興泰,TW0001235000,2000/09/11,上市,食品工業,股票
1236,宏亞,TW0001236008,2001/09/17,上市,食品工業,股票
1240,茂生農經,TW0001240000,2018/08/08,上櫃,農業科技業,股票
1256,鮮活果汁-KY,KYG858681003,2016/03/17,上市,食品工業,股票
1258,其祥-KY,KYG522401010,2011/12/12,上櫃,食品工業,股票
1259,安心,TW0001259000,2011/12/15,上櫃,觀光事業,股票
1264,德麥,TW0001264000,2015/04/09,上櫃,食品工業,股票
1268,漢來美食,TW0001268001,2017/09/27,上櫃,觀光事業,股票
1301,台塑,TW0001301000,1964/07/27,上市,塑膠工業,股票
1303,南亞,TW0001303006,1967/11/05,上市,塑膠工業,股票
1304,台聚,TW0001304004,1972/05/20,上市,塑膠工業,股票
1305,華夏,TW0001305001,1973/03/05,上市,塑膠工業,股票
1307,三芳,TW0001307007,1985/11/23,上市,塑膠工業,股票
1308,亞聚,TW0001308005,1986/06/20,上市,塑膠工業,股票
1309,台達化,TW0001309003,1986/06/27,上市,塑膠工業,股票
1310,台苯,TW0001310001,1987/08/06,上市,塑膠工業,股票
1312,國喬,TW0001312007,1988/12/21,上市,塑膠工業,股票
1312A,國喬特,TW0001312A01,1988/12/21,上市,塑膠工業,特別股
1313,聯成,TW0001313005,1989/03/27,上市,塑膠工業,股票
1314,中石化,TW0001314003,1991/07/12,上市,塑膠工業,股票
1315,達新,TW0001315000,1992/05/09,上市,塑膠工業,股票
1316,上曜,TW0001316008,1992/10/15,上市,建材營造業,股票
1319,東陽,TW0001319002,1994/12/12,上市,汽車工業,股票
1321,大洋,TW0001321008,1999/01/26,上市,塑膠工業,股票
1323,永裕,TW0001323004,2000/09/11,上市,塑膠工業,股票
1324,地球,TW0001324002,2000/09/11,上市,塑膠工業,股票
1325,恆大,TW0001325009,2000/09/11,上市,塑膠工業,股票
1326,台化,TW0001326007,1984/12/20,上市,塑膠工業,股票
1336,台翰,TW0001336006,2007/11/02,上櫃,電子零組件業,股票
1337,再生-KY,KYG0539R1039,2011/07/01,上市,塑膠工業,股票
1338,廣華-KY,KYG451001070,2012/12/19,上市,汽車工業,股票
1339,昭輝,TW0001339000,2012/04/24,上市,汽車工業,股票
1340,勝悅-KY,KYG935971054,2013/12/06,上市,塑膠工業,股票
1341,富林-KY,KYG3730M1050,2018/12/24,上市,塑膠工業,股票
1342,八貫,TW0001342004,2020/11/24,上市,其他業,股票
1402,遠東新,TW0001402006,1967/04/14,上市,紡織纖維,股票
1409,新纖,TW0001409001,1973/08/31,上市,紡織纖維,股票
1410,南染,TW0001410009,1973/10/18,上市,紡織纖維,股票
1413,宏洲,TW0001413003,1975/12/23,上市,紡織纖維,股票
1414,東和,TW0001414001,1976/02/02,上市,紡織纖維,股票
1416,廣豐,TW0001416006,1976/04/20,上市,其他業,股票
1417,嘉裕,TW0001417004,1976/12/28,上市,紡織纖維,股票
1418,東華,TW0001418002,1977/02/14,上市,紡織纖維,股票
1419,新紡,TW0001419000,1977/03/14,上市,紡織纖維,股票
1423,利華,TW0001423002,1979/04/02,上市,紡織纖維,股票
1432,大魯閣,TW0001432003,1982/07/26,上市,貿易百貨業,股票
1434,福懋,TW0001434009,1985/12/24,上市,紡織纖維,股票
1435,中福,TW0001435006,1987/12/28,上市,其他業,股票
1436,華友聯,TW0001436004,1988/04/11,上市,建材營造業,股票
1437,勤益控,TW0001437002,1988/11/10,上市,其他業,股票
1438,三地開發,TW0001438000,1988/12/15,上市,建材營造業,股票
1439,中和,TW0001439008,1989/05/22,上市,紡織纖維,股票
1440,南紡,TW0001440006,1989/10/03,上市,紡織纖維,股票
1441,大東,TW0001441004,1989/10/27,上市,紡織纖維,股票
1442,名軒,TW0001442002,1989/11/16,上市,建材營造業,股票
1443,立益,TW0001443000,1990/04/21,上市,紡織纖維,股票
1444,力麗,TW0001444008,1990/08/08,上市,紡織纖維,股票
1445,大宇,TW0001445005,1991/02/05,上市,紡織纖維,股票
1446,宏和,TW0001446003,1991/10/15,上市,紡織纖維,股票
1447,力鵬,TW0001447001,1992/01/28,上市,紡織纖維,股票
1449,佳和,TW0001449007,1992/03/12,上市,紡織纖維,股票
1451,年興,TW0001451003,1992/12/21,上市,紡織纖維,股票
1452,宏益,TW0001452001,1992/12/28,上市,紡織纖維,股票
1453,大將,TW0001453009,1993/04/19,上市,紡織纖維,股票
1454,台富,TW0001454007,1993/05/07,上市,紡織纖維,股票
1455,集盛,TW0001455004,1993/10/07,上市,紡織纖維,股票
1456,怡華,TW0001456002,1993/12/09,上市,紡織纖維,股票
1457,宜進,TW0001457000,1994/10/20,上市,紡織纖維,股票
1459,聯發,TW0001459006,1994/10/26,上市,紡織纖維,股票
1460,宏遠,TW0001460004,1995/04/28,上市,紡織纖維,股票
1463,強盛,TW0001463008,1996/12/05,上市,紡織纖維,股票
1464,得力,TW0001464006,1997/01/18,上市,紡織纖維,股票
1465,偉全,TW0001465003,1997/09/08,上市,紡織纖維,股票
1466,聚隆,TW0001466001,1998/04/04,上市,紡織纖維,股票
1467,南緯,TW0001467009,1998/12/21,上市,紡織纖維,股票
1468,昶和,TW0001468007,1999/01/21,上市,紡織纖維,股票
1470,大統新創,TW0001470003,1999/05/21,上市,紡織纖維,股票
1471,首利,TW0001471001,2000/03/06,上市,電子零組件業,股票
1472,三洋紡,TW0001472009,2000/09/11,上市,紡織纖維,股票
1473,台南,TW0001473007,2000/09/11,上市,紡織纖維,股票
1474,弘裕,TW0001474005,2000/10/31,上市,紡織纖維,股票
1475,業旺,TW0001475002,2000/10/27,上市,紡織纖維,股票
1476,儒鴻,TW0001476000,2001/04/18,上市,紡織纖維,股票
1477,聚陽,TW0001477008,2003/01/21,上市,紡織纖維,股票
1503,士電,TW0001503001,1969/12/15,上市,電機機械,股票
1504,東元,TW0001504009,1973/11/05,上市,電機機械,股票
1506,正道,TW0001506004,1980/08/11,上市,電機機械,股票
1507,永大,TW0001507002,1989/11/09,上市,電機機械,股票
1512,瑞利,TW0001512002,1994/01/28,上市,汽車工業,股票
1513,中興電,TW0001513000,1994/03/08,上市,電機機械,股票
1514,亞力,TW0001514008,1994/03/26,上市,電機機械,股票
1515,力山,TW0001515005,1995/02/04,上市,電機機械,股票
1516,川飛,TW0001516003,1995/04/01,上市,其他業,股票
1517,利奇,TW0001517001,1995/11/14,上市,電機機械,股票
1519,華城,TW0001519007,1997/04/16,上市,電機機械,股票
1521,大億,TW0001521003,1997/10/06,上市,汽車工業,股票
1522,堤維西,TW0001522001,1997/10/06,上市,汽車工業,股票
1524,耿鼎,TW0001524007,1998/10/30,上市,汽車工業,股票
1525,江申,TW0001525004,1999/05/15,上市,汽車工業,股票
1526,日馳,TW0001526002,2000/03/27,上市,電機機械,股票
1527,鑽全,TW0001527000,2000/06/21,上市,電機機械,股票
1528,恩德,TW0001528008,2000/09/11,上市,電機機械,股票
1529,樂士,TW0001529006,2000/09/11,上市,電機機械,股票
1530,亞崴,TW0001530004,2000/09/11,上市,電機機械,股票
1531,高林股,TW0001531002,2000/09/11,上市,電機機械,股票
1532,勤美,TW0001532000,2000/09/11,上市,電機機械,股票
1533,車王電,TW0001533008,2001/04/06,上市,汽車工業,股票
1535,中宇,TW0001535003,2001/09/17,上市,電機機械,股票
1536,和大,TW0001536001,2001/09/17,上市,汽車工業,股票
1537,廣隆,TW0001537009,2002/01/22,上市,電機機械,股票
1538,正峰,TW0001538007,2002/08/26,上市,電機機械,股票
1539,巨庭,TW0001539005,2002/10/29,上市,電機機械,股票
1540,喬福,TW0001540003,2002/08/26,上市,電機機械,股票
1541,錩泰,TW0001541001,2003/03/19,上市,電機機械,股票
1558,伸興,TW0001558005,2014/12/23,上市,電機機械,股票
1560,中砂,TW0001560001,2005/01/31,上市,電機機械,股票
1565,精華,TW0001565000,2004/03/30,上櫃,生技醫療業,股票
1568,倉佑,TW0001568004,2014/05/14,上市,汽車工業,股票
1569,濱川,TW0001569002,2005/07/29,上櫃,電腦及週邊設備業,股票
1570,力肯,TW0001570000,2005/06/30,上櫃,電機機械,股票
1580,新麥,TW0001580009,2007/12/10,上櫃,電機機械,股票
1582,信錦,TW0001582005,2009/12/17,上市,電子零組件業,股票
1583,程泰,TW0001583003,2008/01/24,上市,電機機械,股票
1584,精剛,TW0001584001,2007/11/28,上櫃,其他業,股票
1586,和勤,TW0001586006,2012/01/09,上櫃,電機機械,股票
1587,吉茂,TW0001587004,2018/04/16,上市,汽車工業,股票
1589,永冠-KY,KYG984291065,2012/04/27,上市,電機機械,股票
1590,亞德客-KY,KYG014081064,2010/12/13,上市,電機機械,股票
1591,駿吉-KY,KYG4782L1023,2012/03/23,上櫃,電機機械,股票
1592,英瑞-KY,KYG316231045,2014/10/16,上市,汽車工業,股票
1593,祺驊,TW0001593002,2012/06/13,上櫃,生技醫療業,股票
1595,川寶,TW0001595007,2011/10/04,上櫃,電子零組件業,股票
1597,直得,TW0001597003,2020/12/23,上市,電機機械,股票
1598,岱宇,TW0001598001,2016/09/20,上市,生技醫療業,股票
1599,宏佳騰,TW0001599009,2012/12/25,上櫃,電機機械,股票
1603,華電,TW0001603009,1968/06/03,上市,電器電纜,股票
1604,聲寶,TW0001604007,1970/12/14,上市,電器電纜,股票
1605,華新,TW0001605004,1972/11/03,上市,電器電纜,股票
1608,華榮,TW0001608008,1988/07/11,上市,電器電纜,股票
1609,大亞,TW0001609006,1988/12/12,上市,電器電纜,股票
1611,中電,TW0001611002,1990/01/16,上市,電器電纜,股票
1612,宏泰,TW0001612000,1993/05/08,上市,電器電纜,股票
1614,三洋電,TW0001614006,1997/09/18,上市,電器電纜,股票
1615,大山,TW0001615003,2000/03/30,上市,電器電纜,股票
1616,億泰,TW0001616001,2000/09/11,上市,電器電纜,股票
1617,榮星,TW0001617009,2000/09/11,上市,電器電纜,股票
1618,合機,TW0001618007,2000/09/11,上市,電器電纜,股票
1626,艾美特-KY,KYG0135T1076,2013/03/21,上市,電器電纜,股票
1701,中化,TW0001701001,1962/02/09,上市,生技醫療業,股票
1702,南僑,TW0001702009,1973/05/30,上市,食品工業,股票
1707,葡萄王,TW0001707008,1982/12/20,上市,生技醫療業,股票
1708,東鹼,TW0001708006,1986/06/16,上市,化學工業,股票
1709,和益,TW0001709004,1986/07/03,上市,化學工業,股票
1710,東聯,TW0001710002,1987/10/21,上市,化學工業,股票
1711,永光,TW0001711000,1988/12/27,上市,化學工業,股票
1712,興農,TW0001712008,1989/12/14,上市,化學工業,股票
1713,國化,TW0001713006,1990/01/31,上市,化學工業,股票
1714,和桐,TW0001714004,1991/08/30,上市,化學工業,股票
1717,長興,TW0001717007,1994/03/31,上市,化學工業,股票
1718,中纖,TW0001718005,1963/12/02,上市,化學工業,股票
1720,生達,TW0001720001,1995/12/12,上市,生技醫療業,股票
1721,三晃,TW0001721009,1996/05/16,上市,化學工業,股票
1722,台肥,TW0001722007,1998/03/24,上市,化學工業,股票
1723,中碳,TW0001723005,1998/11/27,上市,化學工業,股票
1724,台硝,TW0001724003,1995/03/30,上市,化學工業,股票
1725,元禎,TW0001725000,2000/09/11,上市,化學工業,股票
1726,永記,TW0001726008,2000/09/11,上市,化學工業,股票
1727,中華化,TW0001727006,2000/09/11,上市,化學工業,股票
1730,花仙子,TW0001730000,2001/09/17,上市,化學工業,股票
1731,美吾華,TW0001731008,2001/09/17,上市,生技醫療業,股票
1732,毛寶,TW0001732006,2001/09/17,上市,化學工業,股票
1733,五鼎,TW0001733004,2001/09/17,上市,生技醫療業,股票
1734,杏輝,TW0001734002,2002/08/26,上市,生技醫療業,股票
1735,日勝化,TW0001735009,2002/08/26,上市,化學工業,股票
1736,喬山,TW0001736007,2003/01/09,上市,生技醫療業,股票
1737,臺鹽,TW0001737005,2003/11/18,上市,食品工業,股票
1742,台蠟,TW0001742005,2004/05/14,上櫃,化學工業,股票
1752,南光,TW0001752004,2009/08/10,上櫃,生技醫療業,股票
1760,寶齡富錦,TW0001760007,2018/01/23,上市,生技醫療業,股票
1762,中化生,TW0001762003,2010/12/20,上市,生技醫療業,股票
1773,勝一,TW0001773000,2009/02/27,上市,化學工業,股票
1776,展宇,TW0001776003,2016/05/09,上市,化學工業,股票
1777,生泰,TW0001777001,2005/10/19,上櫃,生技醫療業,股票
1781,合世,TW0001781003,2004/12/24,上櫃,生技醫療業,股票
1783,和康生,TW0001783009,2013/12/20,上市,生技醫療業,股票
1784,訊聯,TW0001784007,2007/07/26,上櫃,生技醫療業,股票
1785,光洋科,TW0001785004,2005/01/31,上櫃,其他電子業,股票
1786,科妍,TW0001786002,2013/11/12,上市,生技醫療業,股票
1788,杏昌,TW0001788008,2009/07/20,上櫃,生技醫療業,股票
1789,神隆,TW0001789006,2011/09/29,上市,生技醫療業,股票
1795,美時,TW0001795003,2019/12/16,上市,生技醫療業,股票
1796,金穎生技,TW0001796001,2018/01/22,上櫃,食品工業,股票
1799,易威,TW0001799005,2008/11/10,上櫃,生技醫療業,股票
1802,台玻,TW0001802007,1973/07/20,上市,玻璃陶瓷,股票
1805,寶徠,TW0001805000,1989/10/20,上市,建材營造業,股票
1806,冠軍,TW0001806008,1992/09/29,上市,玻璃陶瓷,股票
1808,潤隆,TW0001808004,1994/10/26,上市,建材營造業,股票
1809,中釉,TW0001809002,1996/04/30,上市,玻璃陶瓷,股票
1810,和成,TW0001810000,1991/10/14,上市,玻璃陶瓷,股票
1813,寶利徠,TW0001813004,2009/08/04,上櫃,生技醫療業,股票
1815,富喬,TW0001815009,2006/01/23,上櫃,電子零組件業,股票
1817,凱撒衛,TW0001817005,2013/10/24,上市,玻璃陶瓷,股票
1903,士紙,TW0001903003,1963/12/09,上市,造紙工業,股票
1904,正隆,TW0001904001,1971/09/10,上市,造紙工業,股票
1905,華紙,TW0001905008,1975/02/07,上市,造紙工業,股票
1906,寶隆,TW0001906006,1976/04/26,上市,造紙工業,股票
1907,永豐餘,TW0001907004,1977/02/22,上市,造紙工業,股票
1909,榮成,TW0001909000,1985/11/19,上市,造紙工業,股票
2002,中鋼,TW0002002003,1974/12/26,上市,鋼鐵工業,股票
2002A,中鋼特,TW0002002A04,1974/12/26,上市,鋼鐵工業,特別股
2006,東和鋼鐵,TW0002006004,1988/07/13,上市,鋼鐵工業,股票
2007,燁興,TW0002007002,1988/10/04,上市,鋼鐵工業,股票
2008,高興昌,TW0002008000,1988/12/28,上市,鋼鐵工業,股票
2009,第一銅,TW0002009008,1989/10/20,上市,鋼鐵工業,股票
2010,春源,TW0002010006,1989/12/22,上市,鋼鐵工業,股票
2012,春雨,TW0002012002,1991/10/17,上市,鋼鐵工業,股票
2013,中鋼構,TW0002013000,1992/01/21,上市,鋼鐵工業,股票
2014,中鴻,TW0002014008,1992/02/20,上市,鋼鐵工業,股票
2015,豐興,TW0002015005,1992/05/25,上市,鋼鐵工業,股票
2017,官田鋼,TW0002017001,1992/11/02,上市,鋼鐵工業,股票
2020,美亞,TW0002020005,1993/04/27,上市,鋼鐵工業,股票
2022,聚亨,TW0002022001,1995/03/27,上市,鋼鐵工業,股票
2023,燁輝,TW0002023009,1995/07/28,上市,鋼鐵工業,股票
2024,志聯,TW0002024007,1995/12/30,上市,鋼鐵工業,股票
2025,千興,TW0002025004,1996/02/08,上市,鋼鐵工業,股票
2027,大成鋼,TW0002027000,1996/10/24,上市,鋼鐵工業,股票
2028,威致,TW0002028008,1996/12/13,上市,鋼鐵工業,股票
2029,盛餘,TW0002029006,1997/01/11,上市,鋼鐵工業,股票
2030,彰源,TW0002030004,1998/12/24,上市,鋼鐵工業,股票
2031,新光鋼,TW0002031002,2000/09/11,上市,鋼鐵工業,股票
2032,新鋼,TW0002032000,2000/09/11,上市,鋼鐵工業,股票
2033,佳大,TW0002033008,2000/09/11,上市,鋼鐵工業,股票
2034,允強,TW0002034006,2001/09/17,上市,鋼鐵工業,股票
2035,唐榮,TW0002035003,2006/07/07,上櫃,鋼鐵工業,股票
2038,海光,TW0002038007,2008/12/30,上市,鋼鐵工業,股票
2049,上銀,TW0002049004,2009/06/26,上市,電機機械,股票
2059,川湖,TW0002059003,2008/06/25,上市,電子零組件業,股票
2061,風青,TW0002061009,2010/12/09,上櫃,電器電纜,股票
2062,橋椿,TW0002062007,2007/11/16,上市,其他業,股票
2063,世鎧,TW0002063005,2010/09/07,上櫃,鋼鐵工業,股票
2064,晉椿,TW0002064003,2014/12/26,上櫃,鋼鐵工業,股票
2065,世豐,TW0002065000,2017/04/21,上櫃,鋼鐵工業,股票
2066,世德,TW0002066008,2013/09/24,上櫃,電機機械,股票
2067,嘉鋼,TW0002067006,2014/05/26,上櫃,電機機械,股票
2069,運錩,TW0002069002,2016/03/22,上市,鋼鐵工業,股票
2070,精湛,TW0002070000,2018/12/17,上櫃,電機機械,股票
2101,南港,TW0002101003,1963/11/01,上市,橡膠工業,股票
2102,泰豐,TW0002102001,1979/07/16,上市,橡膠工業,股票
2103,台橡,TW0002103009,1982/09/25,上市,橡膠工業,股票
2104,國際中橡,TW0002104007,1986/07/15,上市,橡膠工業,股票
2105,正新,TW0002105004,1987/12/07,上市,橡膠工業,股票
2106,建大,TW0002106002,1990/12/20,上市,橡膠工業,股票
2107,厚生,TW0002107000,1992/03/03,上市,橡膠工業,股票
2108,南帝,TW0002108008,1992/10/27,上市,橡膠工業,股票
2109,華豐,TW0002109006,2000/05/08,上市,橡膠工業,股票
2114,鑫永銓,TW0002114006,2010/12/29,上市,橡膠工業,股票
2115,六暉-KY,KYG5700L1086,2013/12/25,上市,汽車工業,股票
2201,裕隆,TW0002201001,1976/07/08,上市,汽車工業,股票
2204,中華,TW0002204005,1991/03/12,上市,汽車工業,股票
2206,三陽工業,TW0002206000,1996/07/29,上市,汽車工業,股票
2207,和泰車,TW0002207008,1997/02/25,上市,汽車工業,股票
2208,台船,TW0002208006,2008/12/22,上市,航運業,股票
2211,長榮鋼,TW0002211000,2021/04/12,上市,鋼鐵工業,股票
2221,大甲,TW0002221009,2007/08/01,上櫃,其他業,股票
2227,裕日車,TW0002227006,2004/12/21,上市,汽車工業,股票
2228,劍麟,TW0002228004,2013/11/25,上市,汽車工業,股票
2230,泰茂,TW0002230000,2013/04/18,上櫃,電機機械,股票
2231,為升,TW0002231008,2010/11/19,上市,汽車工業,股票
2233,宇隆,TW0002233004,2019/09/17,上市,汽車工業,股票
2235,謚源,TW0002235009,2014/12/15,上櫃,電機機械,股票
2236,百達-KY,KYG693691092,2015/06/03,上市,汽車工業,股票
2239,英利-KY,KYG1991F1081,2016/01/27,上市,汽車工業,股票
2241,艾姆勒,TW0002241007,2020/08/26,上市,電機機械,股票
2243,宏旭-KY,KYG460651014,2017/09/27,上市,汽車工業,股票
2247,汎德永業,TW0002247004,2020/10/12,上市,汽車工業,股票
2301,光寶科,TW0002301009,1995/11/17,上市,電腦及週邊設備業,股票
2302,麗正,TW0002302007,1985/01/15,上市,半導體業,股票
2303,聯電,TW0002303005,1985/07/16,上市,半導體業,股票
2305,全友,TW0002305000,1988/10/21,上市,電腦及週邊設備業,股票
2308,台達電,TW0002308004,1988/12/19,上市,電子零組件業,股票
2312,金寶,TW0002312006,1989/11/07,上市,其他電子業,股票
2313,華通,TW0002313004,1990/07/24,上市,電子零組件業,股票
2314,台揚,TW0002314002,1990/08/08,上市,通信網路業,股票
2316,楠梓電,TW0002316007,1991/02/05,上市,電子零組件業,股票
2317,鴻海,TW0002317005,1991/06/18,上市,其他電子業,股票
2321,東訊,TW0002321007,1991/11/08,上市,通信網路業,股票
2323,中環,TW0002323003,1992/02/17,上市,光電業,股票
2324,仁寶,TW0002324001,1992/02/18,上市,電腦及週邊設備業,股票
2327,國巨,TW0002327004,1993/10/22,上市,電子零組件業,股票
2328,廣宇,TW0002328002,1993/11/09,上市,電子零組件業,股票
2329,華泰,TW0002329000,1994/04/20,上市,半導體業,股票
2330,台積電,TW0002330008,1994/09/05,上市,半導體業,股票
2331,精英,TW0002331006,1994/09/21,上市,電腦及週邊設備業,股票
2332,友訊,TW0002332004,1994/10/17,上市,通信網路業,股票
2337,旺宏,TW0002337003,1995/03/15,上市,半導體業,股票
2338,光罩,TW0002338001,1995/04/17,上市,半導體業,股票
2340,光磊,TW0002340007,1995/05/02,上市,光電業,股票
2342,茂矽,TW0002342003,1995/09/19,上市,半導體業,股票
2344,華邦電,TW0002344009,1995/10/18,上市,半導體業,股票
2345,智邦,TW0002345006,1995/11/15,上市,通信網路業,股票
2347,聯強,TW0002347002,1995/12/13,上市,電子通路業,股票
2348,海悅,TW0002348000,1996/01/05,上市,其他業,股票
2349,錸德,TW0002349008,1996/04/23,上市,光電業,股票
2351,順德,TW0002351004,1996/04/25,上市,半導體業,股票
2352,佳世達,TW0002352002,1996/07/22,上市,電腦及週邊設備業,股票
2353,宏碁,TW0002353000,1996/09/18,上市,電腦及週邊設備業,股票
2354,鴻準,TW0002354008,1996/10/08,上市,其他電子業,股票
2355,敬鵬,TW0002355005,1996/10/14,上市,電子零組件業,股票
2356,英業達,TW0002356003,1996/11/13,上市,電腦及週邊設備業,股票
2357,華碩,TW0002357001,1996/11/14,上市,電腦及週邊設備業,股票
2358,廷鑫,TW0002358009,1996/12/18,上市,其他業,股票
2359,所羅門,TW0002359007,1996/12/19,上市,其他電子業,股票
2360,致茂,TW0002360005,1996/12/21,上市,其他電子業,股票
2362,藍天,TW0002362001,1997/04/02,上市,電腦及週邊設備業,股票
2363,矽統,TW0002363009,1997/08/01,上市,半導體業,股票
2364,倫飛,TW0002364007,1997/08/11,上市,電腦及週邊設備業,股票
2365,昆盈,TW0002365004,1997/11/03,上市,電腦及週邊設備業,股票
2367,燿華,TW0002367000,1997/12/13,上市,電子零組件業,股票
2368,金像電,TW0002368008,1998/03/09,上市,電子零組件業,股票
2369,菱生,TW0002369006,1998/04/10,上市,半導體業,股票
2371,大同,TW0002371002,1962/02/09,上市,電機機械,股票
2373,震旦行,TW0002373008,1991/08/01,上市,其他電子業,股票
2374,佳能,TW0002374006,1995/01/16,上市,光電業,股票
2375,凱美,TW0002375003,1998/08/29,上市,電子零組件業,股票
2376,技嘉,TW0002376001,1998/09/24,上市,電腦及週邊設備業,股票
2377,微星,TW0002377009,1998/10/31,上市,電腦及週邊設備業,股票
2379,瑞昱,TW0002379005,1998/10/26,上市,半導體業,股票
2380,虹光,TW0002380003,1998/12/03,上市,電腦及週邊設備業,股票
2382,廣達,TW0002382009,1999/01/08,上市,電腦及週邊設備業,股票
2383,台光電,TW0002383007,1998/11/27,上市,電子零組件業,股票
2385,群光,TW0002385002,1999/01/05,上市,電子零組件業,股票
2387,精元,TW0002387008,1999/01/25,上市,電腦及週邊設備業,股票
2388,威盛,TW0002388006,1999/03/05,上市,半導體業,股票
2390,云辰,TW0002390002,1999/06/15,上市,其他電子業,股票
2392,正崴,TW0002392008,1999/09/20,上市,電子零組件業,股票
2393,億光,TW0002393006,1999/11/04,上市,光電業,股票
2395,研華,TW0002395001,1999/12/13,上市,電腦及週邊設備業,股票
2397,友通,TW0002397007,2000/01/15,上市,電腦及週邊設備業,股票
2399,映泰,TW0002399003,1999/12/16,上市,電腦及週邊設備業,股票
2401,凌陽,TW0002401007,2000/01/27,上市,半導體業,股票
2402,毅嘉,TW0002402005,2000/01/14,上市,電子零組件業,股票
2404,漢唐,TW0002404001,2000/03/14,上市,其他電子業,股票
2405,浩鑫,TW0002405008,2000/03/17,上市,電腦及週邊設備業,股票
2406,國碩,TW0002406006,2000/04/29,上市,光電業,股票
2408,南亞科,TW0002408002,2000/08/17,上市,半導體業,股票
2409,友達,TW0002409000,2000/09/08,上市,光電業,股票
2412,中華電,TW0002412004,2000/10/27,上市,通信網路業,股票
2413,環科,TW0002413002,2000/09/11,上市,電子零組件業,股票
2414,精技,TW0002414000,2000/09/11,上市,電子通路業,股票
2415,錩新,TW0002415007,2000/09/11,上市,電子零組件業,股票
2417,圓剛,TW0002417003,2000/09/11,上市,電腦及週邊設備業,股票
2419,仲琦,TW0002419009,2000/09/11,上市,通信網路業,股票
2420,新巨,TW0002420007,2000/09/11,上市,電子零組件業,股票
2421,建準,TW0002421005,2000/09/11,上市,電子零組件業,股票
2423,固緯,TW0002423001,2000/09/11,上市,其他電子業,股票
2424,隴華,TW0002424009,2000/09/11,上市,電腦及週邊設備業,股票
2425,承啟,TW0002425006,2000/09/11,上市,電腦及週邊設備業,股票
2426,鼎元,TW0002426004,2000/09/11,上市,光電業,股票
2427,三商電,TW0002427002,2000/09/11,上市,資訊服務業,股票
2428,興勤,TW0002428000,2000/09/11,上市,電子零組件業,股票
2429,銘旺科,TW0002429008,2000/09/11,上市,電子零組件業,股票
2430,燦坤,TW0002430006,2000/09/11,上市,電子通路業,股票
2431,聯昌,TW0002431004,2000/09/11,上市,電子零組件業,股票
2433,互盛電,TW0002433000,2000/09/11,上市,其他電子業,股票
2434,統懋,TW0002434008,2000/09/11,上市,半導體業,股票
2436,偉詮電,TW0002436003,2000/09/11,上市,半導體業,股票
2438,翔耀,TW0002438009,2000/09/11,上市,光電業,股票
2439,美律,TW0002439007,2000/09/11,上市,通信網路業,股票
2440,太空梭,TW0002440005,2000/11/10,上市,電子零組件業,股票
2441,超豐,TW0002441003,2000/10/26,上市,半導體業,股票
2442,新美齊,TW0002442001,2000/11/22,上市,電腦及週邊設備業,股票
2443,億麗,TW0002443009,2001/01/03,上市,其他業,股票
2444,兆勁,TW0002444007,2000/12/08,上市,通信網路業,股票
2449,京元電子,TW0002449006,2001/05/09,上市,半導體業,股票
2450,神腦,TW0002450004,2001/05/24,上市,通信網路業,股票
2451,創見,TW0002451002,2001/05/03,上市,半導體業,股票
2453,凌群,TW0002453008,2001/05/22,上市,資訊服務業,股票
2454,聯發科,TW0002454006,2001/07/23,上市,半導體業,股票
2455,全新,TW0002455003,2002/01/24,上市,通信網路業,股票
2456,奇力新,TW0002456001,2001/09/26,上市,電子零組件業,股票
2457,飛宏,TW0002457009,2001/09/17,上市,電子零組件業,股票
2458,義隆,TW0002458007,2001/09/17,上市,半導體業,股票
2459,敦吉,TW0002459005,2001/09/17,上市,電子通路業,股票
2460,建通,TW0002460003,2001/09/17,上市,電子零組件業,股票
2461,光群雷,TW0002461001,2001/09/17,上市,其他電子業,股票
2462,良得電,TW0002462009,2001/09/17,上市,電子零組件業,股票
2464,盟立,TW0002464005,2001/09/17,上市,其他電子業,股票
2465,麗臺,TW0002465002,2001/09/19,上市,電腦及週邊設備業,股票
2466,冠西電,TW0002466000,2001/09/17,上市,光電業,股票
2467,志聖,TW0002467008,2001/09/17,上市,電子零組件業,股票
2468,華經,TW0002468006,2001/09/17,上市,資訊服務業,股票
2471,資通,TW0002471000,2001/09/17,上市,資訊服務業,股票
2472,立隆電,TW0002472008,2001/09/17,上市,電子零組件業,股票
2474,可成,TW0002474004,2001/09/17,上市,其他電子業,股票
2476,鉅祥,TW0002476009,2001/09/17,上市,電子零組件業,股票
2477,美隆電,TW0002477007,2001/09/17,上市,其他電子業,股票
2478,大毅,TW0002478005,2001/09/17,上市,電子零組件業,股票
2480,敦陽科,TW0002480001,2001/09/17,上市,資訊服務業,股票
2481,強茂,TW0002481009,2001/09/17,上市,半導體業,股票
2482,連宇,TW0002482007,2001/09/17,上市,其他電子業,股票
2483,百容,TW0002483005,2001/09/17,上市,電子零組件業,股票
2484,希華,TW0002484003,2001/09/17,上市,電子零組件業,股票
2485,兆赫,TW0002485000,2001/09/17,上市,通信網路業,股票
2486,一詮,TW0002486008,2001/09/19,上市,光電業,股票
2488,漢平,TW0002488004,2001/09/17,上市,其他電子業,股票
2489,瑞軒,TW0002489002,2001/09/17,上市,光電業,股票
2491,吉祥全,TW0002491008,2001/09/17,上市,光電業,股票
2492,華新科,TW0002492006,2001/09/17,上市,電子零組件業,股票
2493,揚博,TW0002493004,2002/01/23,上市,電子零組件業,股票
2495,普安,TW0002495009,2002/03/25,上市,其他電子業,股票
2496,卓越,TW0002496007,2002/03/08,上市,其他業,股票
2497,怡利電,TW0002497005,2002/02/04,上市,汽車工業,股票
2498,宏達電,TW0002498003,2002/03/26,上市,通信網路業,股票
2501,國建,TW0002501004,1967/10/28,上市,建材營造業,股票
2504,國產,TW0002504008,1978/03/14,上市,建材營造業,股票
2505,國揚,TW0002505005,1979/11/14,上市,建材營造業,股票
2506,太設,TW0002506003,1980/02/02,上市,建材營造業,股票
2509,全坤建,TW0002509007,1988/05/20,上市,建材營造業,股票
2511,太子,TW0002511003,1991/04/24,上市,建材營造業,股票
2514,龍邦,TW0002514007,1992/09/26,上市,其他業,股票
2515,中工,TW0002515004,1993/03/02,上市,建材營造業,股票
2516,新建,TW0002516002,1993/05/25,上市,建材營造業,股票
2520,冠德,TW0002520004,1993/10/27,上市,建材營造業,股票
2524,京城,TW0002524006,1994/10/18,上市,建材營造業,股票
2527,宏璟,TW0002527009,1995/03/06,上市,建材營造業,股票
2528,皇普,TW0002528007,1995/03/10,上市,建材營造業,股票
2530,華建,TW0002530003,1995/10/12,上市,建材營造業,股票
2534,宏盛,TW0002534005,1996/02/12,上市,建材營造業,股票
2535,達欣工,TW0002535002,1996/03/11,上市,建材營造業,股票
2536,宏普,TW0002536000,1996/03/14,上市,建材營造業,股票
2537,聯上發,TW0002537008,1996/09/06,上市,建材營造業,股票
2538,基泰,TW0002538006,1996/11/01,上市,建材營造業,股票
2539,櫻花建,TW0002539004,1997/07/16,上市,建材營造業,股票
2540,愛山林,TW0002540002,1989/12/26,上市,建材營造業,股票
2542,興富發,TW0002542008,1999/05/03,上市,建材營造業,股票
2543,皇昌,TW0002543006,1999/10/15,上市,建材營造業,股票
2545,皇翔,TW0002545001,2000/09/11,上市,建材營造業,股票
2546,根基,TW0002546009,2000/09/11,上市,建材營造業,股票
2547,日勝生,TW0002547007,2000/12/22,上市,建材營造業,股票
2548,華固,TW0002548005,2002/08/26,上市,建材營造業,股票
2596,綠意,TW0002596004,2009/06/01,上櫃,建材營造業,股票
2597,潤弘,TW0002597002,2010/03/26,上市,建材營造業,股票
2601,益航,TW0002601002,1965/11/04,上市,貿易百貨業,股票
2603,長榮,TW0002603008,1987/09/21,上市,航運業,股票
2605,新興,TW0002605003,1989/12/08,上市,航運業,股票
2606,裕民,TW0002606001,1990/12/08,上市,航運業,股票
2607,榮運,TW0002607009,1990/12/14,上市,航運業,股票
2608,嘉里大榮,TW0002608007,1990/12/20,上市,航運業,股票
2609,陽明,TW0002609005,1992/04/20,上市,航運業,股票
2610,華航,TW0002610003,1993/02/26,上市,航運業,股票
2611,志信,TW0002611001,1993/10/28,上市,航運業,股票
2612,中航,TW0002612009,1994/10/20,上市,航運業,股票
2613,中櫃,TW0002613007,1995/01/20,上市,航運業,股票
2614,東森,TW0002614005,1995/09/23,上市,貿易百貨業,股票
2615,萬海,TW0002615002,1996/05/16,上市,航運業,股票
2616,山隆,TW0002616000,1997/11/08,上市,油電燃氣業,股票
2617,台航,TW0002617008,1998/06/24,上市,航運業,股票
2618,長榮航,TW0002618006,2001/09/17,上市,航運業,股票
2630,亞航,TW0002630001,2018/02/22,上市,航運業,股票
2633,台灣高鐵,TW0002633005,2016/10/27,上市,航運業,股票
2634,漢翔,TW0002634003,2014/08/25,上市,航運業,股票
2636,台驊投控,TW0002636008,2016/12/22,上市,航運業,股票
2637,慧洋-KY,KYG9721M1033,2010/12/01,上市,航運業,股票
2640,大車隊,TW0002640000,2012/11/07,上櫃,其他業,股票
2641,正德,TW0002641008,2014/10/09,上櫃,航運業,股票
2642,宅配通,TW0002642006,2013/12/12,上市,航運業,股票
2643,捷迅,TW0002643004,2016/03/04,上櫃,航運業,股票
2701,萬企,TW0002701000,1965/03/22,上市,觀光事業,股票
2702,華園,TW0002702008,1965/02/14,上市,觀光事業,股票
2704,國賓,TW0002704004,1982/11/10,上市,觀光事業,股票
2705,六福,TW0002705001,1988/12/24,上市,觀光事業,股票
2706,第一店,TW0002706009,1991/06/25,上市,觀光事業,股票
2707,晶華,TW0002707007,1998/03/09,上市,觀光事業,股票
2712,遠雄來,TW0002712007,2013/12/03,上市,觀光事業,股票
2718,晶悅,TW0002718004,2011/03/29,上櫃,觀光事業,股票
2719,燦星旅,TW0002719002,2012/02/24,上櫃,觀光事業,股票
2722,夏都,TW0002722006,2012/03/14,上市,觀光事業,股票
2723,美食-KY,KYG4002A1004,2010/11/22,上市,觀光事業,股票
2724,富驛-KY,KYG3704Y1017,2012/05/29,上櫃,觀光事業,股票
2726,雅茗-KY,KYG988361021,2014/12/24,上櫃,觀光事業,股票
2727,王品,TW0002727005,2012/03/06,上市,觀光事業,股票
2729,瓦城,TW0002729001,2012/09/17,上櫃,觀光事業,股票
2731,雄獅,TW0002731007,2013/09/24,上市,觀光事業,股票
2732,六角,TW0002732005,2015/01/20,上櫃,觀光事業,股票
2734,易飛網,TW0002734001,2013/12/26,上櫃,觀光事業,股票
2736,高野,TW0002736006,2016/01/06,上櫃,觀光事業,股票
2739,寒舍,TW0002739000,2016/05/19,上市,觀光事業,股票
2740,天蔥,TW0002740008,2015/12/24,上櫃,觀光事業,股票
2743,山富,TW0002743002,2020/03/09,上櫃,觀光事業,股票
2745,五福,TW0002745007,2018/04/16,上櫃,觀光事業,股票
2748,雲品,TW0002748001,2016/11/23,上市,觀光事業,股票
2752,豆府,TW0002752003,2019/09/25,上櫃,觀光事業,股票
2754,亞洲藏壽司,TW0002754009,2020/09/17,上櫃,觀光事業,股票
2755,揚秦,TW0002755006,2020/12/16,上櫃,觀光事業,股票
2801,彰銀,TW0002801008,1962/02/15,上市,金融保險業,股票
2809,京城銀,TW0002809001,1983/07/20,上市,金融保險業,股票
2812,台中銀,TW0002812005,1984/05/15,上市,金融保險業,股票
2816,旺旺保,TW0002816006,1992/05/05,上市,金融保險業,股票
2820,華票,TW0002820008,1994/10/26,上市,金融保險業,股票
2823,中壽,TW0002823002,1995/02/08,上市,金融保險業,股票
2832,台產,TW0002832003,1997/09/30,上市,金融保險業,股票
2834,臺企銀,TW0002834009,1998/01/03,上市,金融保險業,股票
2836,高雄銀,TW0002836004,1998/05/18,上市,金融保險業,股票
2836A,高雄銀甲特,TW0002836A06,2021/01/15,上市,金融保險業,特別股
2838,聯邦銀,TW0002838000,1998/06/29,上市,金融保險業,股票
2838A,聯邦銀甲特,TW0002838A04,2017/12/01,上市,金融保險業,特別股
2841,台開,TW0002841004,1999/01/08,上市,建材營造業,股票
2845,遠東銀,TW0002845005,1998/11/27,上市,金融保險業,股票
2849,安泰銀,TW0002849007,1999/09/27,上市,金融保險業,股票
2850,新產,TW0002850005,2000/05/22,上市,金融保險業,股票
2851,中再保,TW0002851003,2000/07/06,上市,金融保險業,股票
2852,第一保,TW0002852001,2000/11/28,上市,金融保險業,股票
2855,統一證,TW0002855004,2002/09/16,上市,金融保險業,股票
2867,三商壽,TW0002867009,2012/12/18,上市,金融保險業,股票
2880,華南金,TW0002880002,2001/12/19,上市,金融保險業,股票
2881,富邦金,TW0002881000,2001/12/19,上市,金融保險業,股票
2881A,富邦特,TW0002881A00,2016/05/31,上市,金融保險業,特別股
2881B,富邦金乙特,TW0002881B09,2018/04/23,上市,金融保險業,特別股
2882,國泰金,TW0002882008,2001/12/31,上市,金融保險業,股票
2882A,國泰特,TW0002882A09,2017/01/17,上市,金融保險業,特別股
2882B,國泰金乙特,TW0002882B08,2018/08/08,上市,金融保險業,特別股
2883,開發金,TW0002883006,2001/12/28,上市,金融保險業,股票
2884,玉山金,TW0002884004,2002/01/28,上市,金融保險業,股票
2885,元大金,TW0002885001,2002/02/04,上市,金融保險業,股票
2886,兆豐金,TW0002886009,2002/02/04,上市,金融保險業,股票
2887,台新金,TW0002887007,2002/02/18,上市,金融保險業,股票
2887E,台新戊特,TW0002887E00,2017/02/10,上市,金融保險業,特別股
2887F,台新戊特二,TW0002887F09,2019/01/08,上市,金融保險業,特別股
2888,新光金,TW0002888005,2002/02/19,上市,金融保險業,股票
2888A,新光金甲特,TW0002888A03,2019/11/08,上市,金融保險業,特別股
2888B,新光金乙特,TW0002888B02,2020/09/04,上市,金融保險業,特別股
2889,國票金,TW0002889003,2002/03/26,上市,金融保險業,股票
2890,永豐金,TW0002890001,2002/05/09,上市,金融保險業,股票
2891,中信金,TW0002891009,2002/05/17,上市,金融保險業,股票
2891B,中信金乙特,TW0002891B07,2018/01/26,上市,金融保險業,特別股
2891C,中信金丙特,TW0002891C06,2019/05/06,上市,金融保險業,特別股
2892,第一金,TW0002892007,2003/01/02,上市,金融保險業,股票
2897,王道銀行,TW0002897006,2017/05/05,上市,金融保險業,股票
2897A,王道銀甲特,TW0002897A02,2019/01/09,上市,金融保險業,特別股
2901,欣欣,TW0002901006,1976/05/07,上市,貿易百貨業,股票
2903,遠百,TW0002903002,1978/10/11,上市,貿易百貨業,股票
2904,匯僑,TW0002904000,1983/01/05,上市,其他業,股票
2905,三商,TW0002905007,1988/09/19,上市,貿易百貨業,股票
2906,高林,TW0002906005,1989/12/26,上市,貿易百貨業,股票
2908,特力,TW0002908001,1993/02/18,上市,貿易百貨業,股票
2910,統領,TW0002910007,1996/12/30,上市,貿易百貨業,股票
2911,麗嬰房,TW0002911005,1997/01/18,上市,貿易百貨業,股票
2912,統一超,TW0002912003,1997/08/22,上市,貿易百貨業,股票
2913,農林,TW0002913001,1962/02/09,上市,貿易百貨業,股票
2915,潤泰全,TW0002915006,1977/07/20,上市,貿易百貨業,股票
2916,滿心,TW0002916004,2005/03/10,上櫃,貿易百貨業,股票
2923,鼎固-KY,KYG8190L1095,2012/12/07,上市,建材營造業,股票
2924,東凌-KY,KYG198691092,2011/12/02,上櫃,貿易百貨業,股票
2926,誠品生活,TW0002926003,2013/01/30,上櫃,文化創意業,股票
2928,紅馬-KY,KYG7448A1058,2016/01/27,上櫃,觀光事業,股票
2929,淘帝-KY,KYG8922A1085,2013/12/30,上市,貿易百貨業,股票
2936,客思達-KY,KYG224031024,2016/09/26,上市,貿易百貨業,股票
2937,集雅社,TW0002937000,2017/06/08,上櫃,貿易百貨業,股票
2939,凱羿-KY,KYG108031074,2018/01/11,上市,貿易百貨業,股票
3002,歐格,TW0003002002,2002/01/23,上市,電腦及週邊設備業,股票
3003,健和興,TW0003003000,2002/02/19,上市,電子零組件業,股票
3004,豐達科,TW0003004008,2002/02/25,上市,鋼鐵工業,股票
3005,神基,TW0003005005,2002/02/25,上市,電腦及週邊設備業,股票
3006,晶豪科,TW0003006003,2002/03/04,上市,半導體業,股票
3008,大立光,TW0003008009,2002/03/11,上市,光電業,股票
3010,華立,TW0003010005,2002/07/22,上市,電子通路業,股票
3011,今皓,TW0003011003,2002/07/22,上市,電子零組件業,股票
3013,晟銘電,TW0003013009,2002/09/16,上市,電腦及週邊設備業,股票
3014,聯陽,TW0003014007,2002/10/29,上市,半導體業,股票
3015,全漢,TW0003015004,2002/10/16,上市,電子零組件業,股票
3016,嘉晶,TW0003016002,2002/12/24,上市,半導體業,股票
3017,奇鋐,TW0003017000,2002/09/27,上市,電腦及週邊設備業,股票
3018,同開,TW0003018008,2002/08/26,上市,其他電子業,股票
3019,亞光,TW0003019006,2002/08/26,上市,光電業,股票
3021,鴻名,TW0003021002,2002/08/26,上市,電子零組件業,股票
3022,威強電,TW0003022000,2002/08/26,上市,電腦及週邊設備業,股票
3023,信邦,TW0003023008,2002/08/26,上市,電子零組件業,股票
3024,憶聲,TW0003024006,2002/08/26,上市,光電業,股票
3025,星通,TW0003025003,2002/08/26,上市,通信網路業,股票
3026,禾伸堂,TW0003026001,2002/08/26,上市,電子零組件業,股票
3027,盛達,TW0003027009,2002/08/26,上市,通信網路業,股票
3028,增你強,TW0003028007,2002/08/26,上市,電子通路業,股票
3029,零壹,TW0003029005,2002/08/26,上市,資訊服務業,股票
3030,德律,TW0003030003,2002/10/29,上市,其他電子業,股票
3031,佰鴻,TW0003031001,2002/08/26,上市,光電業,股票
3032,偉訓,TW0003032009,2002/08/26,上市,電子零組件業,股票
3033,威健,TW0003033007,2002/08/26,上市,電子通路業,股票
3034,聯詠,TW0003034005,2002/08/26,上市,半導體業,股票
3035,智原,TW0003035002,2002/08/26,上市,半導體業,股票
3036,文曄,TW0003036000,2002/08/26,上市,電子通路業,股票
3036A,文曄甲特,TW0003036A02,2020/10/20,上市,,特別股
3037,欣興,TW0003037008,2002/08/26,上市,電子零組件業,股票
3038,全台,TW0003038006,2002/08/26,上市,光電業,股票
3040,遠見,TW0003040002,2002/08/26,上市,其他業,股票
3041,揚智,TW0003041000,2002/08/26,上市,半導體業,股票
3042,晶技,TW0003042008,2002/08/26,上市,電子零組件業,股票
3043,科風,TW0003043006,2002/08/26,上市,其他電子業,股票
3044,健鼎,TW0003044004,2002/08/26,上市,電子零組件業,股票
3045,台灣大,TW0003045001,2002/08/26,上市,通信網路業,股票
3046,建碁,TW0003046009,2002/08/26,上市,電腦及週邊設備業,股票
3047,訊舟,TW0003047007,2002/08/26,上市,通信網路業,股票
3048,益登,TW0003048005,2002/10/01,上市,電子通路業,股票
3049,和鑫,TW0003049003,2002/09/27,上市,光電業,股票
3050,鈺德,TW0003050001,2002/10/29,上市,光電業,股票
3051,力特,TW0003051009,2002/10/28,上市,光電業,股票
3052,夆典,TW0003052007,1995/11/25,上市,建材營造業,股票
3054,立萬利,TW0003054003,2002/11/18,上市,半導體業,股票
3055,蔚華科,TW0003055000,2002/12/12,上市,電子通路業,股票
3056,總太,TW0003056008,2003/03/03,上市,建材營造業,股票
3057,喬鼎,TW0003057006,2002/12/18,上市,電腦及週邊設備業,股票
3058,立德,TW0003058004,2002/12/09,上市,電子零組件業,股票
3059,華晶科,TW0003059002,2002/12/24,上市,光電業,股票
3060,銘異,TW0003060000,2003/04/21,上市,電腦及週邊設備業,股票
3062,建漢,TW0003062006,2003/07/28,上市,通信網路業,股票
3064,泰偉,TW0003064002,2004/06/09,上櫃,文化創意業,股票
3066,李洲,TW0003066007,2004/12/02,上櫃,光電業,股票
3067,全域,TW0003067005,2003/10/21,上櫃,其他電子業,股票
3071,協禧,TW0003071007,2004/12/30,上櫃,電腦及週邊設備業,股票
3073,天方能源,TW0003073003,2007/10/08,上櫃,半導體業,股票
3078,僑威,TW0003078002,2005/01/31,上櫃,電子零組件業,股票
3081,聯亞,TW0003081006,2015/07/22,上櫃,通信網路業,股票
3083,網龍,TW0003083002,2003/12/02,上櫃,文化創意業,股票
3085,新零售,TW0003085007,2004/03/01,上櫃,電子商務,股票
3086,華義,TW0003086005,2004/03/29,上櫃,文化創意業,股票
3088,艾訊,TW0003088001,2005/04/28,上櫃,電腦及週邊設備業,股票
3089,元炬,TW0003089009,2003/10/14,上櫃,電子零組件業,股票
3090,日電貿,TW0003090007,2007/12/31,上市,電子零組件業,股票
3092,鴻碩,TW0003092003,2010/05/11,上櫃,電子零組件業,股票
3093,港建,TW0003093001,2005/06/17,上櫃,其他電子業,股票
3094,聯傑,TW0003094009,2007/08/06,上市,半導體業,股票
3095,及成,TW0003095006,2005/05/26,上櫃,通信網路業,股票
3105,穩懋,TW0003105003,2011/12/13,上櫃,半導體業,股票
3114,好德,TW0003114005,2004/03/25,上櫃,電子零組件業,股票
3115,寶島極,TW0003115002,2005/04/08,上櫃,電子零組件業,股票
3118,進階,TW0003118006,2008/05/21,上櫃,生技醫療業,股票
3122,笙泉,TW0003122008,2015/01/26,上櫃,半導體業,股票
3128,昇銳,TW0003128005,2006/09/04,上櫃,光電業,股票
3130,一零四,TW0003130001,2006/02/17,上市,資訊服務業,股票
3131,弘塑,TW0003131009,2011/01/17,上櫃,其他電子業,股票
3138,耀登,TW0003138004,2020/12/11,上市,通信網路業,股票
3141,晶宏,TW0003141008,2014/03/14,上櫃,半導體業,股票
3144,新揚科,TW0003144002,2004/12/24,上櫃,電子零組件業,股票
3147,大綜,TW0003147005,2018/05/29,上櫃,資訊服務業,股票
3149,正達,TW0003149001,2011/11/23,上市,光電業,股票
3152,璟德,TW0003152005,2008/03/24,上櫃,通信網路業,股票
3162,精確,TW0003162004,2005/10/03,上櫃,電機機械,股票
3163,波若威,TW0003163002,2012/12/03,上櫃,通信網路業,股票
3164,景岳,TW0003164000,2010/03/22,上市,生技醫療業,股票
3167,大量,TW0003167003,2013/10/21,上市,電機機械,股票
3169,亞信,TW0003169009,2009/11/24,上櫃,半導體業,股票
3171,新洲,TW0003171005,2004/09/17,上櫃,貿易百貨業,股票
3176,基亞,TW0003176004,2011/11/23,上櫃,生技醫療業,股票
3178,公準,TW0003178000,2018/11/19,上櫃,電機機械,股票
3188,鑫龍騰,TW0003188009,2004/03/17,上櫃,建材營造業,股票
3189,景碩,TW0003189007,2004/11/01,上市,半導體業,股票
3191,和進,TW0003191003,2005/04/12,上櫃,電子零組件業,股票
3202,樺晟,TW0003202008,2005/07/26,上櫃,電子零組件業,股票
3205,佰研,TW0003205001,2005/09/12,上櫃,生技醫療業,股票
3206,志豐,TW0003206009,2007/02/08,上櫃,電子零組件業,股票
3207,耀勝,TW0003207007,2004/11/04,上櫃,電子零組件業,股票
3209,全科,TW0003209003,2008/11/26,上市,電子通路業,股票
3211,順達,TW0003211009,2004/11/08,上櫃,電腦及週邊設備業,股票
3213,茂訊,TW0003213005,2004/10/01,上櫃,電腦及週邊設備業,股票
3217,優群,TW0003217006,2004/04/30,上櫃,電子零組件業,股票
3218,大學光,TW0003218004,2004/11/29,上櫃,生技醫療業,股票
3219,倚強股份,TW0003219002,2004/03/19,上櫃,半導體業,股票
3221,台嘉碩,TW0003221008,2006/02/22,上櫃,通信網路業,股票
3224,三顧,TW0003224002,2004/06/03,上櫃,電子通路業,股票
3226,至寶電,TW0003226007,2004/06/16,上櫃,電機機械,股票
3227,原相,TW0003227005,2006/05/04,上櫃,半導體業,股票
3228,金麗科,TW0003228003,2005/03/02,上櫃,半導體業,股票
3229,晟鈦,TW0003229001,2009/12/31,上市,電子零組件業,股票
3230,錦明,TW0003230009,2006/09/25,上櫃,光電業,股票
3231,緯創,TW0003231007,2003/08/19,上市,電腦及週邊設備業,股票
3232,昱捷,TW0003232005,2004/11/01,上櫃,電子通路業,股票
3234,光環,TW0003234001,2011/03/24,上櫃,通信網路業,股票
3236,千如,TW0003236006,2004/12/02,上櫃,電子零組件業,股票
3252,海灣,TW0003252003,2004/09/23,上櫃,觀光事業,股票
3257,虹冠電,TW0003257002,2011/03/21,上市,半導體業,股票
3259,鑫創,TW0003259008,2007/12/24,上櫃,半導體業,股票
3260,威剛,TW0003260006,2004/10/08,上櫃,半導體業,股票
3264,欣銓,TW0003264008,2005/01/05,上櫃,半導體業,股票
3265,台星科,TW0003265005,2005/08/02,上櫃,半導體業,股票
3266,昇陽,TW0003266003,2014/12/24,上市,建材營造業,股票
3268,海德威,TW0003268009,2005/01/27,上櫃,半導體業,股票
3272,東碩,TW0003272001,2014/08/26,上櫃,電腦及週邊設備業,股票
3276,宇環,TW0003276002,2005/01/12,上櫃,電子零組件業,股票
3284,太普高,TW0003284006,2005/03/22,上櫃,其他業,股票
3285,微端,TW0003285003,2012/07/23,上櫃,其他電子業,股票
3287,廣寰科,TW0003287009,2008/01/28,上櫃,電腦及週邊設備業,股票
3288,點晶,TW0003288007,2005/04/15,上櫃,電子零組件業,股票
3289,宜特,TW0003289005,2004/12/28,上櫃,其他電子業,股票
3290,東浦,TW0003290003,2005/05/19,上櫃,電子零組件業,股票
3293,鈊象,TW0003293007,2006/07/12,上櫃,文化創意業,股票
3294,英濟,TW0003294005,2007/04/27,上櫃,電子零組件業,股票
3296,勝德,TW0003296000,2007/12/31,上市,電子零組件業,股票
3297,杭特,TW0003297008,2005/06/07,上櫃,光電業,股票
3303,岱稜,TW0003303004,2007/05/28,上櫃,其他電子業,股票
3305,昇貿,TW0003305009,2008/07/10,上市,其他電子業,股票
3306,鼎天,TW0003306007,2005/07/05,上櫃,通信網路業,股票
3308,聯德,TW0003308003,2008/03/12,上市,電子零組件業,股票
3310,佳穎,TW0003310009,2008/06/27,上櫃,電子零組件業,股票
3311,閎暉,TW0003311007,2004/03/08,上市,通信網路業,股票
3312,弘憶股,TW0003312005,2010/12/29,上市,電子通路業,股票
3313,斐成,TW0003313003,2006/05/29,上櫃,電子零組件業,股票
3317,尼克森,TW0003317004,2007/08/09,上櫃,半導體業,股票
3321,同泰,TW0003321006,2015/12/15,上市,電子零組件業,股票
3322,建舜電,TW0003322004,2009/05/20,上櫃,電子零組件業,股票
3323,加百裕,TW0003323002,2007/06/25,上櫃,電腦及週邊設備業,股票
3324,雙鴻,TW0003324000,2005/05/13,上櫃,其他電子業,股票
3325,旭品,TW0003325007,2005/08/15,上櫃,電腦及週邊設備業,股票
3332,幸康,TW0003332003,2008/01/24,上櫃,電子零組件業,股票
3338,泰碩,TW0003338000,2013/12/13,上市,電子零組件業,股票
3339,泰谷,TW0003339008,2006/06/27,上櫃,光電業,股票
3346,麗清,TW0003346003,2016/12/19,上市,汽車工業,股票
3354,律勝,TW0003354007,2005/12/08,上櫃,電子零組件業,股票
3356,奇偶,TW0003356002,2005/03/28,上市,光電業,股票
3357,臺慶科,TW0003357000,2021/04/27,上櫃,電子零組件業,股票
3360,尚立,TW0003360004,2006/06/06,上櫃,電子通路業,股票
3362,先進光,TW0003362000,2005/09/06,上櫃,光電業,股票
3363,上詮,TW0003363008,2011/02/25,上櫃,通信網路業,股票
3372,典範,TW0003372009,2005/12/16,上櫃,半導體業,股票
3373,熱映,TW0003373007,2007/12/13,上櫃,其他電子業,股票
3374,精材,TW0003374005,2015/03/30,上櫃,半導體業,股票
3376,新日興,TW0003376000,2007/12/31,上市,電子零組件業,股票
3379,彬台,TW0003379004,2011/10/20,上櫃,電機機械,股票
3380,明泰,TW0003380002,2004/12/20,上市,通信網路業,股票
3383,新世紀,TW0003383006,2007/12/10,上市,光電業,股票
3388,崇越電,TW0003388005,2006/02/22,上櫃,電子零組件業,股票
3390,旭軟,TW0003390001,2006/02/22,上櫃,電子零組件業,股票
3402,漢科,TW0003402004,2007/01/09,上櫃,其他電子業,股票
3406,玉晶光,TW0003406005,2005/12/20,上市,光電業,股票
3413,京鼎,TW0003413001,2015/07/28,上市,半導體業,股票
3416,融程電,TW0003416004,2015/01/23,上市,電腦及週邊設備業,股票
3419,譁裕,TW0003419008,2008/01/21,上市,通信網路業,股票
3426,台興,TW0003426003,2016/12/21,上櫃,電機機械,股票
3432,台端,TW0003432001,2010/12/30,上市,電子零組件業,股票
3434,哲固,TW0003434007,2008/01/28,上櫃,光電業,股票
3437,榮創,TW0003437000,2014/07/09,上市,光電業,股票
3438,類比科,TW0003438008,2006/07/19,上櫃,半導體業,股票
3441,聯一光,TW0003441002,2010/10/04,上櫃,光電業,股票
3443,創意,TW0003443008,2006/11/03,上市,半導體業,股票
3444,利機,TW0003444006,2008/09/26,上櫃,電子通路業,股票
3450,聯鈞,TW0003450003,2006/04/12,上市,其他電子業,股票
3454,晶睿,TW0003454005,2011/07/22,上市,光電業,股票
3455,由田,TW0003455002,2007/12/27,上櫃,光電業,股票
3465,進泰電子,TW0003465001,2008/01/28,上櫃,電子零組件業,股票
3466,致振,TW0003466009,2006/05/17,上櫃,通信網路業,股票
3479,安勤,TW0003479002,2010/06/08,上櫃,電腦及週邊設備業,股票
3481,群創,TW0003481008,2006/10/24,上市,光電業,股票
3483,力致,TW0003483004,2006/12/18,上櫃,電腦及週邊設備業,股票
3484,崧騰,TW0003484002,2007/11/09,上櫃,電子零組件業,股票
3489,森寶,TW0003489001,2007/09/29,上櫃,建材營造業,股票
3490,單井,TW0003490009,2007/10/15,上櫃,光電業,股票
3491,昇達科,TW0003491007,2008/01/03,上櫃,通信網路業,股票
3492,長盛,TW0003492005,2015/05/18,上櫃,電子零組件業,股票
3494,誠研,TW0003494001,2007/12/13,上市,電腦及週邊設備業,股票
3498,陽程,TW0003498002,2007/09/11,上櫃,其他電子業,股票
3499,環天科,TW0003499000,2006/10/19,上櫃,通信網路業,股票
3501,維熹,TW0003501003,2007/09/20,上市,電子零組件業,股票
3504,揚明光,TW0003504007,2007/01/26,上市,光電業,股票
3508,位速,TW0003508008,2007/10/17,上櫃,其他電子業,股票
3511,矽瑪,TW0003511002,2009/02/16,上櫃,電子零組件業,股票
3512,皇龍,TW0003512000,2007/07/25,上櫃,電子零組件業,股票
3515,華擎,TW0003515003,2007/11/08,上市,電腦及週邊設備業,股票
3516,亞帝歐,TW0003516001,2007/11/29,上櫃,光電業,股票
3518,柏騰,TW0003518007,2007/11/28,上市,其他電子業,股票
3520,華盈,TW0003520003,2007/10/12,上櫃,電子零組件業,股票
3521,鴻翊,TW0003521001,2007/08/07,上櫃,電腦及週邊設備業,股票
3522,御頂,TW0003522009,2007/10/15,上櫃,觀光事業,股票
3523,迎輝,TW0003523007,2007/11/16,上櫃,光電業,股票
3526,凡甲,TW0003526000,2007/11/02,上櫃,電子零組件業,股票
3527,聚積,TW0003527008,2007/10/29,上櫃,半導體業,股票
3528,安馳,TW0003528006,2016/05/18,上市,電子通路業,股票
3529,力旺,TW0003529004,2011/01/24,上櫃,半導體業,股票
3530,晶相光,TW0003530002,2018/07/16,上市,半導體業,股票
3531,先益,TW0003531000,2008/04/08,上櫃,光電業,股票
3532,台勝科,TW0003532008,2007/12/10,上市,半導體業,股票
3533,嘉澤,TW0003533006,2007/12/10,上市,電子零組件業,股票
3535,晶彩科,TW0003535001,2008/01/31,上市,光電業,股票
3536,誠創,TW0003536009,2008/04/30,上市,半導體業,股票
3537,堡達,TW0003537007,2010/01/25,上櫃,電子零組件業,股票
3540,曜越,TW0003540001,2007/12/12,上櫃,電腦及週邊設備業,股票
3541,西柏,TW0003541009,2009/12/22,上櫃,其他電子業,股票
3543,州巧,TW0003543005,2020/04/15,上市,光電業,股票
3545,敦泰,TW0003545000,2007/07/03,上市,半導體業,股票
3546,宇峻,TW0003546008,2008/04/18,上櫃,文化創意業,股票
3548,兆利,TW0003548004,2008/03/27,上櫃,電子零組件業,股票
3550,聯穎,TW0003550000,2010/11/10,上市,電子零組件業,股票
3551,世禾,TW0003551008,2008/04/15,上櫃,其他電子業,股票
3552,同致,TW0003552006,2009/01/07,上櫃,其他電子業,股票
3555,重鵬,TW0003555009,2011/11/08,上櫃,半導體業,股票
3556,禾瑞亞,TW0003556007,2008/04/15,上櫃,半導體業,股票
3557,嘉威,TW0003557005,2008/02/27,上市,其他業,股票
3558,神準,TW0003558003,2013/12/30,上櫃,通信網路業,股票
3563,牧德,TW0003563003,2019/04/02,上市,光電業,股票
3564,其陽,TW0003564001,2013/12/03,上櫃,通信網路業,股票
3567,逸昌,TW0003567004,2010/11/22,上櫃,半導體業,股票
3570,大塚,TW0003570008,2008/10/23,上櫃,資訊服務業,股票
3576,聯合再生,TW0003576005,2009/01/12,上市,光電業,股票
3577,泓格,TW0003577003,2009/01/06,上櫃,電腦及週邊設備業,股票
3580,友威科,TW0003580007,2010/07/09,上櫃,其他電子業,股票
3581,博磊,TW0003581005,2015/01/20,上櫃,半導體業,股票
3583,辛耘,TW0003583001,2013/03/12,上市,半導體業,股票
3587,閎康,TW0003587002,2009/08/18,上櫃,其他電子業,股票
3588,通嘉,TW0003588000,2009/08/14,上市,半導體業,股票
3591,艾笛森,TW0003591004,2010/11/12,上市,光電業,股票
3593,力銘,TW0003593000,2009/03/16,上市,電子零組件業,股票
3594,磐儀,TW0003594008,2013/05/07,上櫃,電腦及週邊設備業,股票
3596,智易,TW0003596003,2009/03/11,上市,通信網路業,股票
3597,映興,TW0003597001,2020/03/09,上櫃,電子零組件業,股票
3605,宏致,TW0003605002,2009/03/26,上市,電子零組件業,股票
3607,谷崧,TW0003607008,2009/10/28,上市,電子零組件業,股票
3609,東林,TW0003609004,2011/01/11,上櫃,電子零組件業,股票
3611,鼎翰,TW0003611000,2008/11/26,上櫃,電腦及週邊設備業,股票
3615,安可,TW0003615001,2009/04/15,上櫃,光電業,股票
3617,碩天,TW0003617007,2009/12/23,上市,其他電子業,股票
3622,洋華,TW0003622007,2009/03/25,上市,光電業,股票
3623,富晶通,TW0003623005,2010/04/28,上櫃,光電業,股票
3624,光頡,TW0003624003,2011/03/16,上櫃,電子零組件業,股票
3625,西勝,TW0003625000,2009/10/28,上櫃,電腦及週邊設備業,股票
3628,盈正,TW0003628004,2010/09/09,上櫃,其他電子業,股票
3629,地心引力,TW0003629002,2020/06/01,上櫃,文化創意業,股票
3630,新鉅科,TW0003630000,2010/04/26,上櫃,光電業,股票
3631,晟楠,TW0003631008,2010/12/20,上櫃,電子零組件業,股票
3632,研勤,TW0003632006,2011/01/11,上櫃,通信網路業,股票
3642,駿熠電,TW0003642005,2011/09/29,上櫃,其他電子業,股票
3645,達邁,TW0003645008,2011/10/05,上市,電子零組件業,股票
3646,艾恩特,TW0003646006,2012/03/27,上櫃,電子零組件業,股票
3652,精聯,TW0003652004,2009/08/27,上櫃,電腦及週邊設備業,股票
3653,健策,TW0003653002,2009/11/18,上市,電子零組件業,股票
3661,世芯-KY,KYG022421088,2014/10/28,上市,半導體業,股票
3663,鑫科,TW0003663001,2012/11/20,上櫃,其他電子業,股票
3664,安瑞-KY,KYG0550W1069,2010/06/24,上櫃,通信網路業,股票
3665,貿聯-KY,KYG114741062,2011/04/21,上市,其他電子業,股票
3666,光耀,TW0003666004,2014/12/04,上櫃,光電業,股票
3669,圓展,TW0003669008,2011/08/25,上市,光電業,股票
3672,康聯訊,TW0003672002,2015/04/20,上櫃,通信網路業,股票
3673,TPK-KY,KYG898431096,2010/10/29,上市,光電業,股票
3675,德微,TW0003675005,2012/06/29,上櫃,半導體業,股票
3679,新至陞,TW0003679007,2011/10/05,上市,電子零組件業,股票
3680,家登,TW0003680005,2011/08/31,上櫃,半導體業,股票
3682,亞太電,TW0003682001,2013/08/05,上市,通信網路業,股票
3684,榮昌,TW0003684007,2014/03/28,上櫃,通信網路業,股票
3685,元創精密,TW0003685004,2010/12/08,上櫃,光電業,股票
3686,達能,TW0003686002,2010/07/20,上市,半導體業,股票
3687,歐買尬,TW0003687000,2020/06/01,上櫃,電子商務,股票
3689,湧德,TW0003689006,2012/10/18,上櫃,電子零組件業,股票
3691,碩禾,TW0003691002,2010/11/18,上櫃,光電業,股票
3693,營邦,TW0003693008,2013/11/27,上櫃,電腦及週邊設備業,股票
3694,海華,TW0003694006,2011/05/03,上市,通信網路業,股票
3701,大眾控,TW0003701009,2004/08/30,上市,電腦及週邊設備業,股票
3702,大聯大,TW0003702007,2005/11/09,上市,電子通路業,股票
3702A,大聯大甲特,TW0003702A05,2019/11/01,上市,電子通路業,特別股
3703,欣陸,TW0003703005,2010/04/08,上市,建材營造業,股票
3704,合勤控,TW0003704003,2010/08/16,上市,通信網路業,股票
3705,永信,TW0003705000,2011/01/03,上市,生技醫療業,股票
3706,神達,TW0003706008,2013/09/12,上市,電腦及週邊設備業,股票
3707,漢磊,TW0003707006,2014/10/01,上櫃,半導體業,股票
3708,上緯投控,TW0003708004,2016/08/31,上市,化學工業,股票
3709,鑫聯大投控,TW0003709002,1999/04/16,上櫃,電腦及週邊設備業,股票
3710,連展投控,TW0003710000,2017/12/29,上櫃,電子零組件業,股票
3711,日月光投控,TW0003711008,2018/04/30,上市,半導體業,股票
3712,永崴投控,TW0003712006,2018/10/01,上市,電腦及週邊設備業,股票
3713,新晶投控,TW0003713004,2020/02/27,上櫃,光電業,股票
3714,富采,TW0003714002,2021/01/06,上市,光電業,股票
4102,永日,TW0004102009,2001/03/20,上櫃,生技醫療業,股票
4104,佳醫,TW0004104005,2007/12/31,上市,生技醫療業,股票
4105,東洋,TW0004105002,2001/09/27,上櫃,生技醫療業,股票
4106,雃博,TW0004106000,2004/11/08,上市,生技醫療業,股票
4107,邦特,TW0004107008,2002/03/04,上櫃,生技醫療業,股票
4108,懷特,TW0004108006,2008/07/16,上市,生技醫療業,股票
4109,加捷生醫,TW0004109004,2002/08/08,上櫃,生技醫療業,股票
4111,濟生,TW0004111000,1999/03/06,上櫃,生技醫療業,股票
4113,聯上,TW0004113006,2003/07/22,上櫃,建材營造業,股票
4114,健喬,TW0004114004,2003/05/12,上櫃,生技醫療業,股票
4116,明基醫,TW0004116009,2015/12/16,上櫃,生技醫療業,股票
4119,旭富,TW0004119003,2004/01/07,上市,生技醫療業,股票
4120,友華,TW0004120001,2003/11/05,上櫃,生技醫療業,股票
4121,優盛,TW0004121009,2003/07/25,上櫃,生技醫療業,股票
4123,晟德,TW0004123005,2003/10/07,上櫃,生技醫療業,股票
4126,太醫,TW0004126008,2004/02/09,上櫃,生技醫療業,股票
4127,天良,TW0004127006,2005/07/29,上櫃,生技醫療業,股票
4128,中天,TW0004128004,2006/06/09,上櫃,生技醫療業,股票
4129,聯合,TW0004129002,2004/09/29,上櫃,生技醫療業,股票
4129A,聯合甲特,TW0004129A08,2019/11/29,上櫃,,特別股
4130,健亞,TW0004130000,2012/01/12,上櫃,生技醫療業,股票
4131,晶宇,TW0004131008,2004/04/09,上櫃,生技醫療業,股票
4133,亞諾法,TW0004133004,2009/12/28,上市,生技醫療業,股票
4137,麗豐-KY,KYG211641017,2013/11/27,上市,生技醫療業,股票
4138,曜亞,TW0004138003,2010/12/29,上櫃,生技醫療業,股票
4139,馬光-KY,KYG5831M1087,2011/04/29,上櫃,生技醫療業,股票
4141,龍燈-KY,KYG7644E1098,2012/04/25,上市,生技醫療業,股票
4142,國光生,TW0004142005,2012/05/03,上市,生技醫療業,股票
4147,中裕,TW0004147004,2015/11/23,上櫃,生技醫療業,股票
4148,全宇生技-KY,KYG0232P1072,2017/06/08,上市,生技醫療業,股票
4152,台微體,TW0004152004,2012/12/21,上櫃,生技醫療業,股票
4153,鈺緯,TW0004153002,2013/05/23,上櫃,生技醫療業,股票
4154,康樂-KY,KYG527551082,2011/12/28,上櫃,生技醫療業,股票
4155,訊映,TW0004155007,2017/12/05,上市,生技醫療業,股票
4157,太景*-KY,KYG866171005,2013/08/30,上櫃,生技醫療業,股票
4160,創源,TW0004160007,2012/09/17,上櫃,生技醫療業,股票
4161,聿新科,TW0004161005,2013/06/26,上櫃,生技醫療業,股票
4162,智擎,TW0004162003,2012/09/18,上櫃,生技醫療業,股票
4163,鐿鈦,TW0004163001,2012/11/15,上櫃,生技醫療業,股票
4164,承業醫,TW0004164009,2012/10/24,上市,生技醫療業,股票
4167,松瑞藥,TW0004167002,2015/09/08,上櫃,生技醫療業,股票
4168,醣聯,TW0004168000,2012/12/18,上櫃,生技醫療業,股票
4171,瑞基,TW0004171004,2018/03/28,上櫃,農業科技業,股票
4173,久裕,TW0004173000,2013/10/31,上櫃,生技醫療業,股票
4174,浩鼎,TW0004174008,2015/03/23,上櫃,生技醫療業,股票
4175,杏一,TW0004175005,2014/04/23,上櫃,生技醫療業,股票
4183,福永生技,TW0004183009,2017/03/09,上櫃,生技醫療業,股票
4188,安克,TW0004188008,2015/03/24,上櫃,生技醫療業,股票
4190,佐登-KY,KYG518761039,2015/10/21,上市,生技醫療業,股票
4192,杏國,TW0004192000,2014/10/28,上櫃,生技醫療業,股票
4198,欣大健康,TW0004198007,2014/12/23,上櫃,生技醫療業,股票
4205,中華食,TW0004205000,1999/01/31,上櫃,食品工業,股票
4207,環泰,TW0004207006,2000/01/21,上櫃,食品工業,股票
4303,信立,TW0004303003,1999/03/10,上櫃,塑膠工業,股票
4304,勝昱,TW0004304001,2000/01/27,上櫃,塑膠工業,股票
4305,世坤,TW0004305008,2000/09/28,上櫃,塑膠工業,股票
4306,炎洲,TW0004306006,2008/01/21,上市,塑膠工業,股票
4401,東隆興,TW0004401005,1996/05/09,上櫃,紡織纖維,股票
4402,福大,TW0004402003,1997/07/23,上櫃,紡織纖維,股票
4406,新昕纖,TW0004406004,1999/01/14,上櫃,紡織纖維,股票
4413,飛寶企業,TW0004413000,1999/07/29,上櫃,紡織纖維,股票
4414,如興,TW0004414008,2004/09/06,上市,紡織纖維,股票
4416,三圓,TW0004416003,2000/05/06,上櫃,建材營造業,股票
4417,金洲,TW0004417001,2000/11/07,上櫃,紡織纖維,股票
4419,元勝,TW0004419007,2001/06/26,上櫃,紡織纖維,股票
4420,光明,TW0004420005,2002/04/18,上櫃,紡織纖維,股票
4426,利勤,TW0004426002,2011/12/16,上市,紡織纖維,股票
4429,聚紡,TW0004429006,2010/09/15,上櫃,紡織纖維,股票
4430,耀億,TW0004430004,2011/06/09,上櫃,其他業,股票
4432,銘旺實,TW0004432000,2012/11/26,上櫃,紡織纖維,股票
4433,興采,TW0004433008,2014/11/03,上櫃,紡織纖維,股票
4438,廣越,TW0004438007,2016/10/18,上市,紡織纖維,股票
4439,冠星-KY,KYG9114F1037,2019/12/05,上市,紡織纖維,股票
4502,健信,TW0004502000,1995/12/12,上櫃,電機機械,股票
4503,金雨,TW0004503008,1996/12/19,上櫃,電機機械,股票
4506,崇友,TW0004506001,1997/12/06,上櫃,電機機械,股票
4510,高鋒,TW0004510003,1998/02/24,上櫃,電機機械,股票
4513,福裕,TW0004513007,1998/03/25,上櫃,電機機械,股票
4523,永彰,TW0004523006,1999/11/22,上櫃,電機機械,股票
4526,東台,TW0004526009,2003/09/15,上市,電機機械,股票
4527,方土霖,TW0004527007,2000/09/28,上櫃,電機機械,股票
4528,江興鍛,TW0004528005,2001/02/12,上櫃,電機機械,股票
4529,淳紳,TW0004529003,2001/05/04,上櫃,其他業,股票
4530,宏易,TW0004530001,2001/04/30,上櫃,電機機械,股票
4532,瑞智,TW0004532007,2003/08/04,上市,電機機械,股票
4533,協易機,TW0004533005,2002/04/26,上櫃,電機機械,股票
4534,慶騰,TW0004534003,2003/03/31,上櫃,電機機械,股票
4535,至興,TW0004535000,2003/04/16,上櫃,電機機械,股票
4536,拓凱,TW0004536008,2013/10/09,上市,其他業,股票
4538,大詠城,TW0004538004,2019/01/15,上櫃,電機機械,股票
4540,全球傳動,TW0004540000,2018/08/15,上市,電機機械,股票
4541,晟田,TW0004541008,2014/07/22,上櫃,其他業,股票
4542,科嶠,TW0004542006,2014/08/25,上櫃,電子零組件業,股票
4543,萬在,TW0004543004,2016/03/15,上櫃,電機機械,股票
4545,銘鈺,TW0004545009,2016/01/06,上市,電子零組件業,股票
4549,桓達,TW0004549001,2014/11/27,上櫃,電機機械,股票
4550,長佳,TW0004550009,2015/03/18,上櫃,電機機械,股票
4551,智伸科,TW0004551007,2015/08/10,上市,汽車工業,股票
4552,力達-KY,KYG5479W1033,2016/07/20,上市,電機機械,股票
4554,橙的,TW0004554001,2016/08/05,上櫃,其他電子業,股票
4555,氣立,TW0004555008,2015/10/27,上市,電機機械,股票
4556,旭然,TW0004556006,2015/12/22,上櫃,其他業,股票
4557,永新-KY,KYG988461011,2015/10/12,上市,汽車工業,股票
4560,強信-KY,KYG853531039,2017/05/26,上市,電機機械,股票
4561,健椿,TW0004561006,2018/06/11,上櫃,電機機械,股票
4562,穎漢,TW0004562004,2017/08/21,上市,電機機械,股票
4563,百德,TW0004563002,2018/07/12,上櫃,電機機械,股票
4564,元翎,TW0004564000,2019/03/07,上市,電機機械,股票
4566,時碩工業,TW0004566005,2018/02/05,上市,電機機械,股票
4568,科際精密,TW0004568001,2018/10/03,上櫃,電機機械,股票
4571,鈞興-KY,KYG5258M1024,2019/09/17,上市,電機機械,股票
4572,駐龍,TW0004572003,2019/09/10,上市,電機機械,股票
4576,大銀微系統,TW0004576004,2019/09/04,上市,電機機械,股票
4580,捷流閥業,TW0004580006,2020/01/06,上櫃,電機機械,股票
4581,光隆精密-KY,KYG977291007,2020/03/09,上市,汽車工業,股票
4609,唐鋒,TW0004609003,2000/05/19,上櫃,電器電纜,股票
4702,中美實,TW0004702006,1995/04/21,上櫃,化學工業,股票
4706,大恭,TW0004706007,1998/04/17,上櫃,化學工業,股票
4707,磐亞,TW0004707005,1998/05/20,上櫃,化學工業,股票
4711,永純,TW0004711007,1999/02/24,上櫃,化學工業,股票
4712,南璋,TW0004712005,1999/04/03,上櫃,食品工業,股票
4714,永捷,TW0004714001,2000/03/27,上櫃,化學工業,股票
4716,大立,TW0004716006,2000/03/27,上櫃,化學工業,股票
4720,德淵,TW0004720008,2015/06/24,上市,化學工業,股票
4721,美琪瑪,TW0004721006,2001/03/09,上櫃,化學工業,股票
4722,國精化,TW0004722004,2012/08/15,上市,化學工業,股票
4726,永昕,TW0004726005,2013/12/25,上櫃,生技醫療業,股票
4728,雙美,TW0004728001,2012/01/10,上櫃,生技醫療業,股票
4729,熒茂,TW0004729009,2009/02/24,上櫃,光電業,股票
4735,豪展,TW0004735006,2011/08/16,上櫃,生技醫療業,股票
4736,泰博,TW0004736004,2010/12/01,上櫃,生技醫療業,股票
4737,華廣,TW0004737002,2010/12/23,上市,生技醫療業,股票
4739,康普,TW0004739008,2017/09/08,上市,化學工業,股票
4741,泓瀚,TW0004741004,2017/09/26,上櫃,化學工業,股票
4743,合一,TW0004743000,2011/09/23,上櫃,生技醫療業,股票
4744,皇將,TW0004744008,2018/07/12,上櫃,生技醫療業,股票
4745,合富-KY,KYG248111042,2013/01/30,上櫃,生技醫療業,股票
4746,台耀,TW0004746003,2011/03/01,上市,生技醫療業,股票
4747,強生,TW0004747001,2013/12/25,上櫃,生技醫療業,股票
4754,國碳科,TW0004754007,2016/09/28,上櫃,化學工業,股票
4755,三福化,TW0004755004,2013/11/27,上市,化學工業,股票
4760,勤凱,TW0004760004,2019/03/21,上櫃,其他電子業,股票
4763,材料-KY,KYG5138S1057,2015/11/09,上市,化學工業,股票
4764,雙鍵,TW0004764006,2018/01/04,上市,化學工業,股票
4766,南寶,TW0004766001,2018/11/28,上市,化學工業,股票
4767,誠泰科技,TW0004767009,2018/10/29,上櫃,化學工業,股票
4803,VHQ-KY,KYG9344G1038,2015/12/16,上櫃,文化創意業,股票
4804,大略-KY,KYG2646C1024,2015/12/04,上櫃,觀光事業,股票
4806,昇華,TW0004806005,2016/03/09,上櫃,文化創意業,股票
4807,日成-KY,KYG7473R1065,2017/06/26,上市,貿易百貨業,股票
4903,聯光通,TW0004903000,2001/05/14,上櫃,通信網路業,股票
4904,遠傳,TW0004904008,2005/08/24,上市,通信網路業,股票
4905,台聯電,TW0004905005,2001/12/07,上櫃,通信網路業,股票
4906,正文,TW0004906003,2003/06/30,上市,通信網路業,股票
4907,富宇,TW0004907001,2002/03/04,上櫃,建材營造業,股票
4908,前鼎,TW0004908009,2002/02/27,上櫃,通信網路業,股票
4909,新復興,TW0004909007,2002/11/28,上櫃,通信網路業,股票
4911,德英,TW0004911003,2011/03/21,上櫃,生技醫療業,股票
4912,聯德控股-KY,KYG545091079,2015/05/21,上市,電子零組件業,股票
4915,致伸,TW0004915004,2012/10/05,上市,電子零組件業,股票
4916,事欣科,TW0004916002,2013/11/21,上市,電腦及週邊設備業,股票
4919,新唐,TW0004919006,2010/09/27,上市,半導體業,股票
4924,欣厚-KY,KYG4642A1067,2011/10/18,上櫃,電腦及週邊設備業,股票
4927,泰鼎-KY,KYG0407M1033,2015/09/08,上市,電子零組件業,股票
4930,燦星網,TW0004930003,2010/06/21,上市,電器電纜,股票
4931,新盛力,TW0004931001,2019/09/17,上櫃,電腦及週邊設備業,股票
4933,友輝,TW0004933007,2010/05/04,上櫃,光電業,股票
4934,太極,TW0004934005,2010/03/10,上市,光電業,股票
4935,茂林-KY,KYG3931M1024,2011/07/28,上市,光電業,股票
4938,和碩,TW0004938006,2010/06/24,上市,電腦及週邊設備業,股票
4939,亞電,TW0004939004,2011/09/19,上櫃,電子零組件業,股票
4942,嘉彰,TW0004942008,2011/06/27,上市,光電業,股票
4943,康控-KY,KYG2346M1033,2016/11/11,上市,電子零組件業,股票
4944,兆遠,TW0004944004,2011/05/31,上櫃,光電業,股票
4945,陞達科技,TW0004945001,2020/11/20,上櫃,半導體業,股票
4946,辣椒,TW0004946009,2011/06/10,上櫃,文化創意業,股票
4950,牧東,TW0004950001,2012/04/27,上櫃,其他業,股票
4952,凌通,TW0004952007,2011/11/01,上市,半導體業,股票
4953,緯軟,TW0004953005,2014/01/08,上櫃,資訊服務業,股票
4956,光鋐,TW0004956008,2011/10/24,上市,光電業,股票
4958,臻鼎-KY,KYG989221000,2011/12/26,上市,電子零組件業,股票
4960,誠美材,TW0004960000,2011/10/24,上市,光電業,股票
4961,天鈺,TW0004961008,2018/10/17,上市,半導體業,股票
4966,譜瑞-KY,KYG6892A1085,2011/09/13,上櫃,半導體業,股票
4967,十銓,TW0004967005,2019/01/14,上市,半導體業,股票
4968,立積,TW0004968003,2015/11/13,上市,半導體業,股票
4971,IET-KY,KYG480071011,2013/07/24,上櫃,半導體業,股票
4972,湯石照明,TW0004972005,2013/06/17,上櫃,光電業,股票
4973,廣穎,TW0004973003,2012/06/19,上櫃,半導體業,股票
4974,亞泰,TW0004974001,2011/11/29,上櫃,電子零組件業,股票
4976,佳凌,TW0004976006,2012/11/20,上市,光電業,股票
4977,眾達-KY,KYG6956N1034,2013/11/20,上市,通信網路業,股票
4979,華星光,TW0004979000,2011/12/12,上櫃,通信網路業,股票
4987,科誠,TW0004987003,2012/03/21,上櫃,電腦及週邊設備業,股票
4989,榮科,TW0004989009,2018/06/28,上市,電子零組件業,股票
4991,環宇-KY,KYG377541019,2014/09/15,上櫃,半導體業,股票
4994,傳奇,TW0004994009,2013/12/25,上市,資訊服務業,股票
4995,晶達,TW0004995006,2012/05/09,上櫃,光電業,股票
4999,鑫禾,TW0004999008,2013/06/03,上市,電子零組件業,股票
5007,三星,TW0005007009,2011/09/16,上市,鋼鐵工業,股票
5009,榮剛,TW0005009005,1998/10/17,上櫃,鋼鐵工業,股票
5011,久陽,TW0005011001,1999/05/06,上櫃,鋼鐵工業,股票
5013,強新,TW0005013007,2000/05/08,上櫃,鋼鐵工業,股票
5014,建錩,TW0005014005,2001/02/15,上櫃,鋼鐵工業,股票
5015,華祺,TW0005015002,2000/12/15,上櫃,鋼鐵工業,股票
5016,松和,TW0005016000,2001/03/05,上櫃,鋼鐵工業,股票
5102,富強,TW0005102008,2000/10/27,上櫃,橡膠工業,股票
5201,凱衛,TW0005201008,2000/10/12,上櫃,資訊服務業,股票
5202,力新,TW0005202006,2000/10/18,上櫃,資訊服務業,股票
5203,訊連,TW0005203004,2004/09/27,上市,資訊服務業,股票
5205,中茂,TW0005205009,2001/05/14,上櫃,其他電子業,股票
5206,坤悅,TW0005206007,2001/10/08,上櫃,建材營造業,股票
5209,新鼎,TW0005209001,2002/02/25,上櫃,資訊服務業,股票
5210,寶碩,TW0005210009,2002/04/25,上櫃,資訊服務業,股票
5211,蒙恬,TW0005211007,2002/12/23,上櫃,資訊服務業,股票
5212,凌網,TW0005212005,2003/03/24,上櫃,資訊服務業,股票
5213,亞昕,TW0005213003,2003/04/24,上櫃,建材營造業,股票
5215,科嘉-KY,KYG530791022,2011/12/26,上市,電腦及週邊設備業,股票
5220,萬達光電,TW0005220008,2018/04/26,上櫃,光電業,股票
5223,安力-KY,KYG0458G1047,2018/07/02,上櫃,電腦及週邊設備業,股票
5225,東科-KY,KYG291021031,2012/11/05,上市,其他電子業,股票
5227,立凱-KY,KYG0100G1064,2013/12/09,上櫃,電子零組件業,股票
5230,雷笛克光學,TW0005230007,2012/06/05,上櫃,光電業,股票
5234,達興材料,TW0005234009,2012/07/16,上市,光電業,股票
5243,乙盛-KY,KYG312361051,2013/11/25,上市,光電業,股票
5245,智晶,TW0005245005,2015/05/25,上櫃,光電業,股票
5251,天鉞電,TW0005251003,2012/11/26,上櫃,光電業,股票
5258,虹堡,TW0005258008,2016/12/30,上市,電腦及週邊設備業,股票
5263,智崴,TW0005263008,2012/12/18,上櫃,文化創意業,股票
5269,祥碩,TW0005269005,2012/12/12,上市,半導體業,股票
5272,笙科,TW0005272009,2013/05/30,上櫃,半導體業,股票
5274,信驊,TW0005274005,2013/04/30,上櫃,半導體業,股票
5276,達輝-KY,KYG2743W1006,2014/06/12,上櫃,其他業,股票
5278,尚凡,TW0005278006,2013/06/04,上櫃,電子商務,股票
5281,大峽谷-KY,KYG853901059,2016/03/30,上櫃,光電業,股票
5283,禾聯碩,TW0005283006,2019/05/24,上市,電器電纜,股票
5284,jpp-KY,KYG521131006,2017/03/09,上市,其他業,股票
5285,界霖,TW0005285001,2014/02/25,上市,半導體業,股票
5287,數字,TW0005287007,2014/01/20,上櫃,電子商務,股票
5288,豐祥-KY,KYG314551014,2014/09/25,上市,電機機械,股票
5289,宜鼎,TW0005289003,2013/11/27,上櫃,電腦及週邊設備業,股票
5291,邑昇,TW0005291009,2014/12/23,上櫃,電子零組件業,股票
5299,杰力,TW0005299002,2018/01/23,上櫃,半導體業,股票
5301,寶得利,TW0005301006,1990/06/25,上櫃,觀光事業,股票
5302,太欣,TW0005302004,1991/01/17,上櫃,半導體業,股票
5306,桂盟,TW0005306005,1995/12/26,上櫃,其他業,股票
5309,系統電,TW0005309009,1996/03/18,上櫃,電子零組件業,股票
5310,天剛,TW0005310007,1996/04/09,上櫃,資訊服務業,股票
5312,寶島科,TW0005312003,1996/05/25,上櫃,生技醫療業,股票
5314,世紀,TW0005314009,1996/09/16,上櫃,半導體業,股票
5315,光聯,TW0005315006,1996/11/02,上櫃,光電業,股票
5321,友銓,TW0005321004,1996/12/30,上櫃,電子零組件業,股票
5324,士開,TW0005324008,1997/01/30,上櫃,建材營造業,股票
5328,華容,TW0005328009,1997/08/28,上櫃,電子零組件業,股票
5340,建榮,TW0005340004,1998/01/20,上櫃,電子零組件業,股票
5344,立衛,TW0005344006,1998/03/23,上櫃,半導體業,股票
5345,天揚,TW0005345003,1998/03/23,上櫃,電子零組件業,股票
5347,世界,TW0005347009,1998/03/25,上櫃,半導體業,股票
5348,系通,TW0005348007,1998/04/29,上櫃,通信網路業,股票
5351,鈺創,TW0005351001,1998/05/15,上櫃,半導體業,股票
5353,台林,TW0005353007,1998/05/18,上櫃,通信網路業,股票
5355,佳總,TW0005355002,1998/06/23,上櫃,電子零組件業,股票
5356,協益,TW0005356000,1998/07/20,上櫃,電腦及週邊設備業,股票
5364,力麗店,TW0005364004,2013/08/26,上櫃,觀光事業,股票
5371,中光電,TW0005371009,1999/01/20,上櫃,光電業,股票
5381,合正,TW0005381008,1999/03/19,上櫃,電子零組件業,股票
5383,金利,TW0005383004,1999/04/14,上櫃,其他電子業,股票
5386,青雲,TW0005386007,1999/05/13,上櫃,電腦及週邊設備業,股票
5388,中磊,TW0005388003,2007/12/03,上市,通信網路業,股票
5392,應華,TW0005392005,1999/06/14,上櫃,光電業,股票
5398,慕康生醫,TW0005398002,1999/10/11,上櫃,其他業,股票
5403,中菲,TW0005403000,1999/10/15,上櫃,資訊服務業,股票
5410,國眾,TW0005410005,1999/11/26,上櫃,資訊服務業,股票
5425,台半,TW0005425003,2000/02/21,上櫃,半導體業,股票
5426,振發,TW0005426001,2000/02/09,上櫃,電腦及週邊設備業,股票
5432,達威,TW0005432009,2000/03/21,上櫃,光電業,股票
5434,崇越,TW0005434005,2003/08/25,上市,電子通路業,股票
5438,東友,TW0005438006,2000/06/17,上櫃,電腦及週邊設備業,股票
5439,高技,TW0005439004,2000/06/26,上櫃,電子零組件業,股票
5443,均豪,TW0005443006,1998/02/09,上櫃,光電業,股票
5450,南良,TW0005450001,2020/06/01,上櫃,其他業,股票
5452,佶優,TW0005452007,2000/10/02,上櫃,其他電子業,股票
5455,昇益,TW0005455000,2000/10/19,上櫃,建材營造業,股票
5457,宣德,TW0005457006,2000/09/29,上櫃,電子零組件業,股票
5460,同協,TW0005460000,2000/09/28,上櫃,電子零組件業,股票
5464,霖宏,TW0005464002,2000/11/08,上櫃,電子零組件業,股票
5465,富驊,TW0005465009,2000/11/08,上櫃,電腦及週邊設備業,股票
5468,凱鈺,TW0005468003,2001/01/17,上櫃,半導體業,股票
5469,瀚宇博,TW0005469001,2003/08/25,上市,電子零組件業,股票
5471,松翰,TW0005471007,2003/08/25,上市,半導體業,股票
5474,聰泰,TW0005474001,2001/03/20,上櫃,電腦及週邊設備業,股票
5475,德宏,TW0005475008,2001/01/16,上櫃,電子零組件業,股票
5478,智冠,TW0005478002,2001/03/29,上櫃,文化創意業,股票
5481,新華,TW0005481006,2020/06/01,上櫃,其他業,股票
5483,中美晶,TW0005483002,2001/03/02,上櫃,半導體業,股票
5484,慧友,TW0005484000,2003/08/25,上市,光電業,股票
5487,通泰,TW0005487003,2001/02/20,上櫃,半導體業,股票
5488,松普,TW0005488001,2001/03/12,上櫃,電子零組件業,股票
5489,彩富,TW0005489009,2001/03/12,上櫃,其他電子業,股票
5490,同亨,TW0005490007,2001/05/14,上櫃,電腦及週邊設備業,股票
5493,三聯,TW0005493001,2001/05/03,上櫃,其他電子業,股票
5498,凱崴,TW0005498000,2001/03/29,上櫃,電子零組件業,股票
5508,永信建,TW0005508006,1998/05/13,上櫃,建材營造業,股票
5511,德昌,TW0005511000,1998/12/09,上櫃,建材營造業,股票
5512,力麒,TW0005512008,1998/12/04,上櫃,建材營造業,股票
5514,三豐,TW0005514004,1998/12/29,上櫃,建材營造業,股票
5515,建國,TW0005515001,2003/10/06,上市,建材營造業,股票
5516,雙喜,TW0005516009,1999/03/23,上櫃,建材營造業,股票
5519,隆大,TW0005519003,2014/02/10,上市,建材營造業,股票
5520,力泰,TW0005520001,1999/10/27,上櫃,建材營造業,股票
5521,工信,TW0005521009,2012/12/18,上市,建材營造業,股票
5522,遠雄,TW0005522007,2007/08/06,上市,建材營造業,股票
5523,豐謙,TW0005523005,1999/12/27,上櫃,建材營造業,股票
5525,順天,TW0005525000,2004/11/26,上市,建材營造業,股票
5529,志嘉,TW0005529002,1996/01/12,上櫃,建材營造業,股票
5530,龍巖,TW0005530000,2000/10/04,上櫃,其他業,股票
5531,鄉林,TW0005531008,2005/01/31,上市,建材營造業,股票
5533,皇鼎,TW0005533004,2008/04/30,上市,建材營造業,股票
5534,長虹,TW0005534002,2004/05/24,上市,建材營造業,股票
5536,聖暉,TW0005536007,2010/11/10,上櫃,其他電子業,股票
5538,東明-KY,KYG8919A1031,2013/12/16,上市,鋼鐵工業,股票
5543,桓鼎-KY,KYG1676E1035,2016/05/09,上櫃,建材營造業,股票
5546,永固-KY,KYG566541093,2020/05/20,上市,建材營造業,股票
5601,台聯櫃,TW0005601009,1994/11/24,上櫃,航運業,股票
5603,陸海,TW0005603005,1997/01/25,上櫃,航運業,股票
5604,中連貨,TW0005604003,1997/05/22,上櫃,航運業,股票
5607,遠雄港,TW0005607006,2004/12/02,上市,航運業,股票
5608,四維航,TW0005608004,2003/08/25,上市,航運業,股票
5609,中菲行,TW0005609002,2001/10/15,上櫃,航運業,股票
5701,劍湖山,TW0005701007,1998/03/12,上櫃,觀光事業,股票
5703,亞都,TW0005703003,1999/06/15,上櫃,觀光事業,股票
5704,老爺知,TW0005704001,1999/12/21,上櫃,觀光事業,股票
5706,鳳凰,TW0005706006,2011/10/21,上市,觀光事業,股票
5820,日盛金,TW0005820005,2002/02/05,上櫃,金融保險業,股票
5864,致和證,TW0005864003,2018/04/02,上櫃,金融保險業,股票
5871,中租-KY,KYG202881093,2011/12/13,上市,其他業,股票
5871A,中租-KY甲特,KYG202881176,2020/09/10,上市,其他業,特別股
5876,上海商銀,TW0005876007,2018/10/19,上市,金融保險業,股票
5878,台名,TW0005878003,2014/10/28,上櫃,金融保險業,股票
5880,合庫金,TW0005880009,2011/12/01,上市,金融保險業,股票
5902,德記,TW0005902001,1998/02/07,上櫃,貿易百貨業,股票
5903,全家,TW0005903009,2002/02/25,上櫃,貿易百貨業,股票
5904,寶雅,TW0005904007,2002/09/06,上櫃,貿易百貨業,股票
5905,南仁湖,TW0005905004,2003/06/17,上櫃,貿易百貨業,股票
5906,台南-KY,KYG8661M1078,2011/10/24,上市,貿易百貨業,股票
5907,大洋-KY,KYG4064G1029,2012/06/06,上市,貿易百貨業,股票
6005,群益證,TW0006005002,2005/11/21,上市,金融保險業,股票
6015,宏遠證,TW0006015001,1996/07/25,上櫃,金融保險業,股票
6016,康和證,TW0006016009,1996/12/04,上櫃,金融保險業,股票
6020,大展證,TW0006020001,2003/01/23,上櫃,金融保險業,股票
6021,大慶證,TW0006021009,2003/04/21,上櫃,金融保險業,股票
6023,元大期,TW0006023005,2007/11/28,上櫃,金融保險業,股票
6024,群益期,TW0006024003,2017/10/16,上市,金融保險業,股票
6026,福邦證,TW0006026008,2016/01/27,上櫃,金融保險業,股票
6101,寬魚國際,TW0006101009,2001/03/29,上櫃,文化創意業,股票
6103,合邦,TW0006103005,2001/05/07,上櫃,半導體業,股票
6104,創惟,TW0006104003,2001/05/22,上櫃,半導體業,股票
6108,競國,TW0006108004,2008/12/30,上市,電子零組件業,股票
6109,亞元,TW0006109002,2001/07/26,上櫃,通信網路業,股票
6111,大宇資,TW0006111008,2001/08/08,上櫃,文化創意業,股票
6112,聚碩,TW0006112006,2003/08/04,上市,資訊服務業,股票
6113,亞矽,TW0006113004,2001/08/10,上櫃,電子通路業,股票
6114,久威,TW0006114002,2001/09/27,上櫃,電子零組件業,股票
6115,鎰勝,TW0006115009,2004/07/19,上市,電子零組件業,股票
6116,彩晶,TW0006116007,2004/09/06,上市,光電業,股票
6117,迎廣,TW0006117005,2003/08/25,上市,電腦及週邊設備業,股票
6118,建達,TW0006118003,2001/10/25,上櫃,電子通路業,股票
6120,達運,TW0006120009,2006/09/13,上市,光電業,股票
6121,新普,TW0006121007,2001/11/27,上櫃,電腦及週邊設備業,股票
6122,擎邦,TW0006122005,2000/07/14,上櫃,電機機械,股票
6123,上奇,TW0006123003,2002/01/23,上櫃,電腦及週邊設備業,股票
6124,業強,TW0006124001,2002/03/19,上櫃,電子零組件業,股票
6125,廣運,TW0006125008,2002/01/23,上櫃,光電業,股票
6126,信音,TW0006126006,2002/01/18,上櫃,電子零組件業,股票
6127,九豪,TW0006127004,2002/01/10,上櫃,電子零組件業,股票
6128,上福,TW0006128002,2003/06/16,上市,電腦及週邊設備業,股票
6129,普誠,TW0006129000,2001/12/25,上櫃,半導體業,股票
6130,星寶國際,TW0006130008,2002/03/26,上櫃,生技醫療業,股票
6131,鈞泰,TW0006131006,2004/09/27,上市,光電業,股票
6133,金橋,TW0006133002,2003/08/15,上市,電子零組件業,股票
6134,萬旭,TW0006134000,2002/01/08,上櫃,電子零組件業,股票
6136,富爾特,TW0006136005,2003/08/25,上市,通信網路業,股票
6138,茂達,TW0006138001,2002/01/18,上櫃,半導體業,股票
6139,亞翔,TW0006139009,2003/08/25,上市,其他電子業,股票
6140,訊達,TW0006140007,2002/02/04,上櫃,資訊服務業,股票
6141,柏承,TW0006141005,2003/10/22,上市,電子零組件業,股票
6142,友勁,TW0006142003,2003/08/04,上市,通信網路業,股票
6143,振曜,TW0006143001,2002/01/28,上櫃,通信網路業,股票
6144,得利影,TW0006144009,2002/01/23,上櫃,文化創意業,股票
6146,耕興,TW0006146004,2002/01/23,上櫃,其他電子業,股票
6147,頎邦,TW0006147002,2002/01/31,上櫃,半導體業,股票
6148,驊宏資,TW0006148000,2002/02/01,上櫃,資訊服務業,股票
6150,撼訊,TW0006150006,2002/03/11,上櫃,電腦及週邊設備業,股票
6151,晉倫,TW0006151004,2002/02/25,上櫃,其他電子業,股票
6152,百一,TW0006152002,2009/12/08,上市,通信網路業,股票
6153,嘉聯益,TW0006153000,2008/01/21,上市,電子零組件業,股票
6154,順發,TW0006154008,2002/02/18,上櫃,電子通路業,股票
6155,鈞寶,TW0006155005,2006/08/18,上市,電子零組件業,股票
6156,松上,TW0006156003,2002/02/19,上櫃,電子零組件業,股票
6158,禾昌,TW0006158009,2002/02/19,上櫃,電子零組件業,股票
6160,欣技,TW0006160005,2002/03/01,上櫃,電腦及週邊設備業,股票
6161,捷波,TW0006161003,2002/03/01,上櫃,電腦及週邊設備業,股票
6163,華電網,TW0006163009,2002/03/19,上櫃,通信網路業,股票
6164,華興,TW0006164007,2008/10/21,上市,光電業,股票
6165,浪凡,TW0006165004,2003/08/04,上市,電子零組件業,股票
6166,凌華,TW0006166002,2004/11/08,上市,電腦及週邊設備業,股票
6167,久正,TW0006167000,2002/03/26,上櫃,光電業,股票
6168,宏齊,TW0006168008,2003/08/25,上市,光電業,股票
6169,昱泉,TW0006169006,2002/03/22,上櫃,文化創意業,股票
6170,統振,TW0006170004,2002/04/16,上櫃,通信網路業,股票
6171,亞銳士,TW0006171002,2002/04/22,上櫃,建材營造業,股票
6172,互億,TW0006172000,2004/05/24,上市,電腦及週邊設備業,股票
6173,信昌電,TW0006173008,2002/04/19,上櫃,電子零組件業,股票
6174,安碁,TW0006174006,2002/05/02,上櫃,電子零組件業,股票
6175,立敦,TW0006175003,2002/06/10,上櫃,電子零組件業,股票
6176,瑞儀,TW0006176001,2007/05/15,上市,光電業,股票
6177,達麗,TW0006177009,2013/08/01,上市,建材營造業,股票
6179,亞通,TW0006179005,2002/05/17,上櫃,其他業,股票
6180,橘子,TW0006180003,2002/05/21,上櫃,文化創意業,股票
6182,合晶,TW0006182009,2002/05/16,上櫃,半導體業,股票
6183,關貿,TW0006183007,2011/12/01,上市,資訊服務業,股票
6184,大豐電,TW0006184005,2005/02/15,上市,其他業,股票
6185,幃翔,TW0006185002,2002/08/09,上櫃,電子零組件業,股票
6186,新潤,TW0006186000,2002/08/02,上櫃,建材營造業,股票
6187,萬潤,TW0006187008,2002/09/27,上櫃,其他電子業,股票
6188,廣明,TW0006188006,2002/08/27,上櫃,電腦及週邊設備業,股票
6189,豐藝,TW0006189004,2004/05/24,上市,電子通路業,股票
6190,萬泰科,TW0006190002,1998/02/04,上櫃,通信網路業,股票
6191,精成科,TW0006191000,2007/10/19,上市,電子零組件業,股票
6192,巨路,TW0006192008,2004/09/27,上市,其他電子業,股票
6194,育富,TW0006194004,2002/12/05,上櫃,電子零組件業,股票
6195,詩肯,TW0006195001,2002/10/21,上櫃,貿易百貨業,股票
6196,帆宣,TW0006196009,2004/05/24,上市,其他電子業,股票
6197,佳必琪,TW0006197007,2004/11/08,上市,電子零組件業,股票
6198,凌泰,TW0006198005,2002/12/26,上櫃,半導體業,股票
6199,天品,TW0006199003,2016/10/07,上櫃,其他業,股票
6201,亞弘電,TW0006201007,2004/09/27,上市,其他電子業,股票
6202,盛群,TW0006202005,2004/09/27,上市,半導體業,股票
6203,海韻電,TW0006203003,2002/12/26,上櫃,電子零組件業,股票
6204,艾華,TW0006204001,2002/11/13,上櫃,電子零組件業,股票
6205,詮欣,TW0006205008,2008/01/21,上市,電子零組件業,股票
6206,飛捷,TW0006206006,2004/08/03,上市,電腦及週邊設備業,股票
6207,雷科,TW0006207004,2002/12/23,上櫃,電子零組件業,股票
6208,日揚,TW0006208002,2002/12/23,上櫃,電子零組件業,股票
6209,今國光,TW0006209000,2004/11/08,上市,光電業,股票
6210,慶生,TW0006210008,2003/02/14,上櫃,電子零組件業,股票
6212,理銘,TW0006212004,2002/12/26,上櫃,建材營造業,股票
6213,聯茂,TW0006213002,2008/01/21,上市,電子零組件業,股票
6214,精誠,TW0006214000,2010/12/30,上市,資訊服務業,股票
6215,和椿,TW0006215007,2007/12/31,上市,其他電子業,股票
6216,居易,TW0006216005,2004/09/27,上市,通信網路業,股票
6217,中探針,TW0006217003,2003/01/09,上櫃,電子零組件業,股票
6218,豪勉,TW0006218001,2003/01/14,上櫃,通信網路業,股票
6219,富旺,TW0006219009,2003/02/26,上櫃,建材營造業,股票
6220,岳豐,TW0006220007,2003/01/09,上櫃,電子零組件業,股票
6221,晉泰,TW0006221005,2003/01/06,上櫃,資訊服務業,股票
6222,上揚,TW0006222003,2003/01/09,上櫃,光電業,股票
6223,旺矽,TW0006223001,2003/01/06,上櫃,半導體業,股票
6224,聚鼎,TW0006224009,2009/09/17,上市,電子零組件業,股票
6225,天瀚,TW0006225006,2004/09/27,上市,光電業,股票
6226,光鼎,TW0006226004,2008/11/10,上市,光電業,股票
6227,茂綸,TW0006227002,2003/01/14,上櫃,電子通路業,股票
6228,全譜,TW0006228000,2003/01/21,上櫃,電腦及週邊設備業,股票
6229,研通,TW0006229008,2003/01/14,上櫃,半導體業,股票
6230,尼得科超眾,TW0006230006,2010/09/16,上市,電腦及週邊設備業,股票
6231,系微,TW0006231004,2003/01/23,上櫃,資訊服務業,股票
6233,旺玖,TW0006233000,2003/02/20,上櫃,半導體業,股票
6234,高僑,TW0006234008,2003/03/12,上櫃,光電業,股票
6235,華孚,TW0006235005,2004/08/23,上市,電腦及週邊設備業,股票
6236,康呈,TW0006236003,2003/03/31,上櫃,其他業,股票
6237,驊訊,TW0006237001,2003/04/21,上櫃,半導體業,股票
6239,力成,TW0006239007,2004/11/08,上市,半導體業,股票
6240,松崗,TW0006240005,2003/05/30,上櫃,資訊服務業,股票
6241,易通展,TW0006241003,2003/04/08,上櫃,通信網路業,股票
6242,立康,TW0006242001,2003/04/23,上櫃,生技醫療業,股票
6243,迅杰,TW0006243009,2009/12/17,上市,半導體業,股票
6244,茂迪,TW0006244007,2003/05/15,上櫃,光電業,股票
6245,立端,TW0006245004,2003/05/19,上櫃,通信網路業,股票
6246,臺龍,TW0006246002,2003/06/18,上櫃,光電業,股票
6247,淇譽電,TW0006247000,2003/07/04,上櫃,其他電子業,股票
6248,沛波,TW0006248008,2003/09/03,上櫃,鋼鐵工業,股票
6251,定穎,TW0006251002,2009/03/18,上市,電子零組件業,股票
6257,矽格,TW0006257009,2003/08/25,上市,半導體業,股票
6259,百徽,TW0006259005,2003/09/17,上櫃,電子零組件業,股票
6261,久元,TW0006261001,2004/03/29,上櫃,半導體業,股票
6263,普萊德,TW0006263007,2003/09/17,上櫃,通信網路業,股票
6264,富裔,TW0006264005,2004/02/24,上櫃,建材營造業,股票
6265,方土昶,TW0006265002,2003/10/24,上櫃,電子通路業,股票
6266,泰詠,TW0006266000,2004/04/29,上櫃,電子零組件業,股票
6269,台郡,TW0006269004,2003/09/23,上市,電子零組件業,股票
6270,倍微,TW0006270002,2003/09/17,上櫃,電子通路業,股票
6271,同欣電,TW0006271000,2007/11/16,上市,半導體業,股票
6274,台燿,TW0006274004,2003/12/18,上櫃,電子零組件業,股票
6275,元山,TW0006275001,2004/12/23,上櫃,其他電子業,股票
6276,安鈦克,TW0006276009,2003/10/30,上櫃,電腦及週邊設備業,股票
6277,宏正,TW0006277007,2003/10/30,上市,電腦及週邊設備業,股票
6278,台表科,TW0006278005,2010/08/24,上市,光電業,股票
6279,胡連,TW0006279003,2003/11/26,上櫃,電子零組件業,股票
6281,全國電,TW0006281009,2005/12/08,上市,電子通路業,股票
6282,康舒,TW0006282007,2003/09/08,上市,電子零組件業,股票
6283,淳安,TW0006283005,2008/01/21,上市,其他電子業,股票
6284,佳邦,TW0006284003,2004/06/29,上櫃,電子零組件業,股票
6285,啟碁,TW0006285000,2003/09/22,上市,通信網路業,股票
6287,元隆,TW0006287006,2003/10/02,上櫃,半導體業,股票
6288,聯嘉,TW0006288004,2018/05/09,上市,汽車工業,股票
6289,華上,TW0006289002,2003/08/28,上市,光電業,股票
6290,良維,TW0006290000,2005/06/03,上櫃,電子零組件業,股票
6291,沛亨,TW0006291008,2004/01/28,上櫃,半導體業,股票
6292,迅德,TW0006292006,2003/11/26,上櫃,電子零組件業,股票
6294,智基,TW0006294002,2004/01/13,上櫃,文化創意業,股票
6404,通訊-KY,KYG211281061,2014/07/23,上櫃,資訊服務業,股票
6405,悅城,TW0006405004,2013/11/28,上市,光電業,股票
6409,旭隼,TW0006409006,2014/03/31,上市,其他電子業,股票
6411,晶焱,TW0006411002,2014/03/11,上櫃,半導體業,股票
6412,群電,TW0006412000,2013/11/08,上市,電子零組件業,股票
6414,樺漢,TW0006414006,2014/03/28,上市,電腦及週邊設備業,股票
6415,矽力-KY,KYG8190F1028,2013/12/12,上市,半導體業,股票
6416,瑞祺電通,TW0006416001,2018/04/16,上市,通信網路業,股票
6417,韋僑,TW0006417009,2015/10/08,上櫃,通信網路業,股票
6418,詠昇,TW0006418007,2019/02/18,上櫃,電子零組件業,股票
6419,京晨科,TW0006419005,2014/12/29,上櫃,光電業,股票
6425,易發,TW0006425002,2019/01/18,上櫃,電機機械,股票
6426,統新,TW0006426000,2021/03/24,上市,通信網路業,股票
6431,光麗-KY,KYG532651075,2014/12/04,上市,光電業,股票
6432,今展科,TW0006432008,2015/05/20,上櫃,電子零組件業,股票
6435,大中,TW0006435001,2016/01/07,上櫃,半導體業,股票
6438,迅得,TW0006438005,2021/01/19,上市,其他電子業,股票
6441,廣錠,TW0006441009,2017/09/27,上櫃,電腦及週邊設備業,股票
6442,光聖,TW0006442007,2015/07/14,上市,通信網路業,股票
6443,元晶,TW0006443005,2015/10/01,上市,光電業,股票
6446,藥華藥,TW0006446008,2016/07/19,上櫃,生技醫療業,股票
6449,鈺邦,TW0006449002,2014/12/09,上市,電子零組件業,股票
6451,訊芯-KY,KYG811801045,2015/01/26,上市,半導體業,股票
6456,GIS-KY,KYG3808R1011,2015/06/12,上市,光電業,股票
6457,紘康,TW0006457005,2015/06/12,上櫃,半導體業,股票
6461,益得,TW0006461007,2018/03/28,上櫃,生技醫療業,股票
6462,神盾,TW0006462005,2015/12/23,上櫃,半導體業,股票
6464,台數科,TW0006464001,2015/12/16,上市,其他業,股票
6465,威潤,TW0006465008,2015/11/20,上櫃,通信網路業,股票
6469,大樹,TW0006469000,2016/03/30,上櫃,生技醫療業,股票
6470,宇智,TW0006470008,2015/11/03,上櫃,通信網路業,股票
6472,保瑞,TW0006472004,2017/04/19,上櫃,生技醫療業,股票
6477,安集,TW0006477003,2016/06/21,上市,光電業,股票
6482,弘煜科,TW0006482003,2016/06/13,上櫃,文化創意業,股票
6485,點序,TW0006485006,2015/11/17,上櫃,半導體業,股票
6486,互動,TW0006486004,2016/09/13,上櫃,通信網路業,股票
6488,環球晶,TW0006488000,2015/09/25,上櫃,半導體業,股票
6491,晶碩,TW0006491004,2019/10/07,上市,生技醫療業,股票
6492,生華科,TW0006492002,2017/04/24,上櫃,生技醫療業,股票
6494,九齊,TW0006494008,2016/05/09,上櫃,半導體業,股票
6496,科懋,TW0006496003,2016/01/07,上櫃,生技醫療業,股票
6499,益安,TW0006499007,2016/07/27,上櫃,生技醫療業,股票
6504,南六,TW0006504004,2013/05/07,上市,其他業,股票
6505,台塑化,TW0006505001,2003/12/26,上市,油電燃氣業,股票
6506,雙邦,TW0006506009,2011/05/03,上櫃,化學工業,股票
6508,惠光,TW0006508005,2004/03/22,上櫃,農業科技業,股票
6509,聚和,TW0006509003,2004/04/12,上櫃,化學工業,股票
6510,精測,TW0006510001,2016/03/24,上櫃,半導體業,股票
6512,啟發電,TW0006512007,2016/03/25,上櫃,其他電子業,股票
6514,芮特-KY,KYG734231080,2015/12/02,上櫃,通信網路業,股票
6515,穎崴,TW0006515000,2021/01/20,上市,半導體業,股票
6516,勤崴國際,TW0006516008,2019/05/06,上櫃,資訊服務業,股票
6523,達爾膚,TW0006523004,2016/06/16,上櫃,生技醫療業,股票
6525,捷敏-KY,KYG3790U1040,2016/04/12,上市,半導體業,股票
6527,明達醫,TW0006527005,2019/12/25,上櫃,生技醫療業,股票
6530,創威,TW0006530009,2018/01/23,上櫃,通信網路業,股票
6531,愛普,TW0006531007,2016/05/31,上市,半導體業,股票
6532,瑞耘,TW0006532005,2016/09/26,上櫃,半導體業,股票
6533,晶心科,TW0006533003,2017/03/14,上市,半導體業,股票
6535,順藥,TW0006535008,2016/09/26,上櫃,生技醫療業,股票
6538,倉和,TW0006538002,2016/10/21,上櫃,電子零組件業,股票
6541,泰福-KY,KYG8676P1037,2017/10/26,上市,生技醫療業,股票
6542,隆中,TW0006542004,2016/09/08,上櫃,文化創意業,股票
6547,高端疫苗,TW0006547003,2018/04/17,上櫃,生技醫療業,股票
6548,長科*,TW0006548001,2016/09/13,上櫃,半導體業,股票
6552,易華電,TW0006552003,2017/01/10,上市,半導體業,股票
6556,勝品,TW0006556004,2017/10/31,上櫃,光電業,股票
6558,興能高,TW0006558000,2018/12/05,上市,其他電子業,股票
6560,欣普羅,TW0006560006,2017/01/24,上櫃,光電業,股票
6561,是方,TW0006561004,2018/06/05,上櫃,通信網路業,股票
6568,宏觀,TW0006568009,2016/12/28,上櫃,半導體業,股票
6569,醫揚,TW0006569007,2016/12/21,上櫃,生技醫療業,股票
6570,維田,TW0006570005,2017/12/11,上櫃,電腦及週邊設備業,股票
6573,虹揚-KY,KYG4712A1013,2017/09/26,上市,半導體業,股票
6574,霈方,TW0006574007,2017/09/04,上櫃,生技醫療業,股票
6576,逸達,TW0006576002,2018/06/29,上櫃,生技醫療業,股票
6577,勁豐,TW0006577000,2017/03/21,上櫃,電腦及週邊設備業,股票
6578,達邦蛋白,TW0006578008,2018/09/18,上櫃,農業科技業,股票
6579,研揚,TW0006579006,2017/08/21,上市,電腦及週邊設備業,股票
6581,鋼聯,TW0006581002,2018/01/30,上市,其他業,股票
6582,申豐,TW0006582000,2017/06/14,上市,橡膠工業,股票
6588,東典光電,TW0006588007,2020/07/01,上櫃,通信網路業,股票
6589,台康生技,TW0006589005,2019/06/28,上櫃,生技醫療業,股票
6590,普鴻,TW0006590003,2018/12/24,上櫃,資訊服務業,股票
6591,動力-KY,KYG8587R1074,2017/12/28,上市,電腦及週邊設備業,股票
6592,和潤企業,TW0006592009,2019/12/09,上市,其他業,股票
6593,台灣銘板,TW0006593007,2017/11/03,上櫃,資訊服務業,股票
6594,展匯科,TW0006594005,2017/04/28,上櫃,半導體業,股票
6596,寬宏藝術,TW0006596000,2018/01/04,上櫃,文化創意業,股票
6598,ABC-KY,KYG0488D1051,2020/06/09,上市,生技醫療業,股票
6603,富強鑫,TW0006603004,2004/04/05,上櫃,電機機械,股票
6605,帝寶,TW0006605009,2004/03/17,上市,汽車工業,股票
6609,瀧澤科,TW0006609001,2003/09/23,上櫃,電機機械,股票
6612,奈米醫材,TW0006612005,2018/07/18,上櫃,生技醫療業,股票
6613,朋億,TW0006613003,2017/12/28,上櫃,其他電子業,股票
6615,慧智,TW0006615008,2018/01/22,上櫃,生技醫療業,股票
6616,特昇-KY,KYG870931030,2018/01/10,上櫃,其他業,股票
6624,萬年清,TW0006624000,2019/05/28,上櫃,其他業,股票
6625,必應,TW0006625007,2018/02/07,上市,其他業,股票
6629,泰金-KY,KYG877791072,2019/06/06,上櫃,其他業,股票
6640,均華,TW0006640006,2018/10/23,上櫃,半導體業,股票
6641,基士德-KY,KYG416551045,2018/09/21,上市,其他業,股票
6642,富致,TW0006642002,2019/09/23,上櫃,電子零組件業,股票
6643,M31,TW0006643000,2019/01/23,上櫃,半導體業,股票
6649,台生材,TW0006649007,2019/06/05,上櫃,生技醫療業,股票
6651,全宇昕,TW0006651003,2021/02/01,上櫃,半導體業,股票
6654,天正國際,TW0006654007,2018/10/23,上櫃,其他電子業,股票
6655,科定,TW0006655004,2018/11/28,上市,其他業,股票
6661,威健生技,TW0006661002,2021/01/27,上櫃,生技醫療業,股票
6662,樂斯科,TW0006662000,2019/03/26,上櫃,生技醫療業,股票
6664,群翊,TW0006664006,2018/09/12,上櫃,電子零組件業,股票
6666,羅麗芬-KY,KYG569831020,2018/11/19,上市,生技醫療業,股票
6667,信紘科,TW0006667009,2018/11/13,上櫃,其他電子業,股票
6668,中揚光,TW0006668007,2018/12/12,上市,光電業,股票
6669,緯穎,TW0006669005,2019/03/27,上市,電腦及週邊設備業,股票
6670,復盛應用,TW0006670003,2018/12/18,上市,其他業,股票
6671,三能-KY,KYG7806W1033,2018/12/11,上市,其他業,股票
6672,騰輝電子-KY,KYG9353A1040,2019/04/17,上市,電子零組件業,股票
6674,鋐寶科技,TW0006674005,2018/11/28,上市,通信網路業,股票
6679,鈺太,TW0006679004,2019/05/09,上櫃,半導體業,股票
6680,鑫創電子,TW0006680002,2019/09/16,上櫃,電腦及週邊設備業,股票
6683,雍智科技,TW0006683006,2019/04/23,上櫃,半導體業,股票
6690,安碁資訊,TW0006690001,2019/10/30,上櫃,資訊服務業,股票
6697,東捷資訊,TW0006697006,2019/12/26,上櫃,資訊服務業,股票
6698,旭暉應材,TW0006698004,2019/11/25,上市,其他電子業,股票
6703,軒郁,TW0006703002,2020/10/20,上櫃,生技醫療業,股票
6706,惠特,TW0006706005,2019/12/19,上市,光電業,股票
6712,長聖,TW0006712003,2021/01/08,上櫃,生技醫療業,股票
6715,嘉基,TW0006715006,2019/12/12,上市,電子零組件業,股票
6716,應廣,TW0006716004,2020/03/27,上櫃,半導體業,股票
6727,亞泰金屬,TW0006727001,2020/12/01,上櫃,電子零組件業,股票
6728,上洋,TW0006728009,2020/12/25,上櫃,貿易百貨業,股票
6732,昇佳電子,TW0006732001,2020/06/08,上櫃,半導體業,股票
6733,博晟生醫,TW0006733009,2021/01/28,上櫃,生技醫療業,股票
6743,安普新,TW0006743008,2020/12/14,上市,其他電子業,股票
6747,亨泰光,TW0006747009,2021/01/19,上櫃,生技醫療業,股票
6751,智聯服務,TW0006751001,2020/12/25,上櫃,資訊服務業,股票
6752,叡揚,TW0006752009,2020/12/10,上櫃,資訊服務業,股票
6754,匯僑設計,TW0006754005,2020/08/25,上市,其他業,股票
6756,威鋒電子,TW0006756000,2020/12/24,上市,半導體業,股票
6762,達亞,TW0006762008,2020/12/18,上櫃,生技醫療業,股票
6767,台微醫,TW0006767007,2021/01/25,上櫃,生技醫療業,股票
6768,志強-KY,KYG8368S1003,2021/04/22,上市,其他業,股票
6776,展碁國際,TW0006776008,2021/03/31,上市,電子通路業,股票
6781,AES-KY,KYG0097V1086,2021/03/22,上市,電子零組件業,股票
6803,崑鼎,TW0006803000,2010/05/27,上櫃,其他業,股票
7402,邑錡,TW0007402000,2015/12/29,上櫃,光電業,股票
7556,意德士,TW0007556B10,2020/10/30,上櫃,半導體業,股票
8011,台通,TW0008011008,2011/09/19,上市,通信網路業,股票
8016,矽創,TW0008016007,2003/12/25,上市,半導體業,股票
8021,尖點,TW0008021007,2008/01/21,上市,其他電子業,股票
8024,佑華,TW0008024001,2006/09/25,上櫃,半導體業,股票
8027,鈦昇,TW0008027004,2015/06/09,上櫃,電機機械,股票
8028,昇陽半導體,TW0008028002,2018/07/10,上市,半導體業,股票
8032,光菱,TW0008032004,2003/10/02,上櫃,電子通路業,股票
8033,雷虎,TW0008033002,2007/06/21,上市,其他業,股票
8034,榮群,TW0008034000,2004/05/06,上櫃,通信網路業,股票
8038,長園科,TW0008038001,2013/11/21,上櫃,電子零組件業,股票
8039,台虹,TW0008039009,2009/12/17,上市,電子零組件業,股票
8040,九暘,TW0008040007,2007/04/30,上櫃,半導體業,股票
8042,金山電,TW0008042003,2004/03/22,上櫃,電子零組件業,股票
8043,蜜望實,TW0008043001,2003/10/24,上櫃,電子零組件業,股票
8044,網家,TW0008044009,2005/01/24,上櫃,電子商務,股票
8046,南電,TW0008046004,2006/04/07,上市,電子零組件業,股票
8047,星雲,TW0008047002,2004/02/09,上櫃,其他電子業,股票
8048,德勝,TW0008048000,2009/09/08,上櫃,通信網路業,股票
8049,晶采,TW0008049008,2004/02/02,上櫃,光電業,股票
8050,廣積,TW0008050006,2003/10/24,上櫃,電腦及週邊設備業,股票
8054,安國,TW0008054008,2004/11/08,上櫃,半導體業,股票
8059,凱碩,TW0008059007,2010/03/16,上櫃,通信網路業,股票
8064,東捷,TW0008064007,2006/09/25,上櫃,光電業,股票
8066,來思達,TW0008066002,2004/12/24,上櫃,貿易百貨業,股票
8067,志旭,TW0008067000,2004/04/23,上櫃,電子通路業,股票
8068,全達,TW0008068008,2004/03/25,上櫃,電子通路業,股票
8069,元太,TW0008069006,2004/03/30,上櫃,光電業,股票
8070,長華*,TW0008070004,2007/12/31,上市,電子通路業,股票
8071,能率網通,TW0008071002,2003/12/29,上櫃,電子零組件業,股票
8072,陞泰,TW0008072000,2005/08/19,上市,電子通路業,股票
8074,鉅橡,TW0008074006,2004/01/27,上櫃,電子零組件業,股票
8076,伍豐,TW0008076001,2003/12/15,上櫃,電腦及週邊設備業,股票
8077,洛碁,TW0008077009,2004/12/06,上櫃,觀光事業,股票
8081,致新,TW0008081001,2008/12/30,上市,半導體業,股票
8083,瑞穎,TW0008083007,2004/09/23,上櫃,電機機械,股票
8084,巨虹,TW0008084005,2004/03/08,上櫃,電子通路業,股票
8085,福華,TW0008085002,2004/03/01,上櫃,其他電子業,股票
8086,宏捷科,TW0008086000,2009/06/01,上櫃,半導體業,股票
8087,華鎂鑫,TW0008087008,2004/02/25,上櫃,光電業,股票
8088,品安,TW0008088006,2004/02/27,上櫃,半導體業,股票
8089,康全電訊,TW0008089004,2020/09/23,上櫃,通信網路業,股票
8091,翔名,TW0008091000,2004/06/24,上櫃,電子零組件業,股票
8092,建暐,TW0008092008,2004/02/02,上櫃,其他電子業,股票
8093,保銳,TW0008093006,2004/12/31,上櫃,電子零組件業,股票
8096,擎亞,TW0008096009,2004/07/15,上櫃,電子通路業,股票
8097,常珵,TW0008097007,2004/03/01,上櫃,通信網路業,股票
8099,大世科,TW0008099003,2004/03/29,上櫃,資訊服務業,股票
8101,華冠,TW0008101007,2004/07/01,上市,通信網路業,股票
8103,瀚荃,TW0008103003,2009/09/29,上市,電子零組件業,股票
8104,錸寶,TW0008104001,2019/01/17,上市,光電業,股票
8105,凌巨,TW0008105008,2006/12/27,上市,光電業,股票
8107,大億金茂,TW0008107004,2005/11/15,上櫃,電機機械,股票
8109,博大,TW0008109000,2005/03/22,上櫃,電子零組件業,股票
8110,華東,TW0008110008,2007/10/31,上市,半導體業,股票
8111,立碁,TW0008111006,2004/02/09,上櫃,光電業,股票
8112,至上,TW0008112004,2007/12/31,上市,電子通路業,股票
8114,振樺電,TW0008114000,2012/11/26,上市,電腦及週邊設備業,股票
8121,越峰,TW0008121005,2005/02/17,上櫃,電子零組件業,股票
8131,福懋科,TW0008131004,2007/11/29,上市,半導體業,股票
8147,正淩,TW0008147000,2013/04/30,上櫃,電子零組件業,股票
8150,南茂,TW0008150004,2014/04/11,上市,半導體業,股票
8155,博智,TW0008155003,2012/12/18,上櫃,電子零組件業,股票
8163,達方,TW0008163007,2007/11/28,上市,電腦及週邊設備業,股票
8171,天宇,TW0008171000,2011/12/19,上櫃,通信網路業,股票
8176,智捷,TW0008176009,2013/06/25,上櫃,通信網路業,股票
8182,加高,TW0008182007,2006/05/25,上櫃,電子零組件業,股票
8183,精星,TW0008183005,2005/03/30,上櫃,其他電子業,股票
8201,無敵,TW0008201005,2007/10/29,上市,其他電子業,股票
8210,勤誠,TW0008210006,2011/12/01,上市,電腦及週邊設備業,股票
8213,志超,TW0008213000,2009/12/25,上市,電子零組件業,股票
8215,明基材,TW0008215005,2010/11/12,上市,光電業,股票
8222,寶一,TW0008222001,2015/01/27,上市,電機機械,股票
8234,新漢,TW0008234006,2007/06/07,上櫃,電腦及週邊設備業,股票
8240,華宏,TW0008240003,2005/06/23,上櫃,光電業,股票
8249,菱光,TW0008249004,2005/05/17,上市,電子零組件業,股票
8255,朋程,TW0008255001,2006/04/25,上櫃,電機機械,股票
8261,富鼎,TW0008261009,2009/12/11,上市,半導體業,股票
8271,宇瞻,TW0008271008,2010/12/29,上市,半導體業,股票
8277,商丞,TW0008277005,2004/12/27,上櫃,半導體業,股票
8279,生展,TW0008279001,2016/09/26,上櫃,生技醫療業,股票
8284,三竹,TW0008284001,2020/05/18,上櫃,資訊服務業,股票
8289,泰藝,TW0008289000,2008/04/24,上櫃,電子零組件業,股票
8291,尚茂,TW0008291006,2011/11/29,上櫃,電子零組件業,股票
8299,群聯,TW0008299009,2004/12/06,上櫃,半導體業,股票
8341,日友,TW0008341009,2015/03/23,上市,其他業,股票
8342,益張,TW0008342007,2017/11/23,上櫃,其他業,股票
8349,恒耀,TW0008349002,2006/03/10,上櫃,鋼鐵工業,股票
8349A,恒耀甲特,TW0008349A03,2020/02/24,上櫃,,特別股
8354,冠好,TW0008354002,2004/04/15,上櫃,塑膠工業,股票
8358,金居,TW0008358003,2010/09/27,上櫃,電子零組件業,股票
8367,建新國際,TW0008367004,2018/09/12,上市,航運業,股票
8374,羅昇,TW0008374000,2008/12/25,上市,電機機械,股票
8383,千附,TW0008383001,2004/09/10,上櫃,其他電子業,股票
8390,金益鼎,TW0008390006,2008/05/21,上櫃,其他業,股票
8401,白紗科,TW0008401001,2010/03/29,上櫃,其他業,股票
8403,盛弘,TW0008403007,2011/03/01,上櫃,生技醫療業,股票
8404,百和興業-KY,KYG684631016,2011/05/18,上市,其他業,股票
8406,金可-KY,KYG390101064,2012/04/27,上櫃,生技醫療業,股票
8409,商之器,TW0008409004,2013/11/25,上櫃,生技醫療業,股票
8410,森田,TW0008410002,2011/02/23,上櫃,電腦及週邊設備業,股票
8411,福貞-KY,KYG525911072,2011/11/01,上市,其他業,股票
8415,大國鋼,TW0008415001,2016/09/07,上櫃,鋼鐵工業,股票
8416,實威,TW0008416009,2012/09/19,上櫃,資訊服務業,股票
8418,捷必勝-KY,KYG520981039,2011/12/06,上櫃,其他業,股票
8420,明揚,TW0008420001,2014/11/10,上櫃,其他業,股票
8421,旭源,TW0008421009,2012/11/23,上櫃,其他業,股票
8422,可寧衛,TW0008422007,2011/10/05,上市,其他業,股票
8423,保綠-KY,KYG715991074,2012/03/14,上櫃,其他業,股票
8424,惠普,TW0008424003,2012/12/18,上櫃,建材營造業,股票
8426,紅木-KY,KYG7457N1051,2011/12/13,上櫃,其他業,股票
8427,基勝-KY,KYG525341072,2011/12/06,上市,其他業,股票
8429,金麗-KY,KYG513871015,2012/12/20,上市,貿易百貨業,股票
8431,匯鑽科,TW0008431008,2015/03/30,上櫃,其他電子業,股票
8432,東生華,TW0008432006,2012/04/30,上櫃,生技醫療業,股票
8433,弘帆,TW0008433004,2012/12/19,上櫃,貿易百貨業,股票
8435,鉅邁,TW0008435009,2012/12/28,上櫃,其他業,股票
8436,大江,TW0008436007,2013/09/12,上櫃,生技醫療業,股票
8437,大地-KY,KYG2615N1051,2015/05/06,上櫃,其他業,股票
8440,綠電,TW0008440009,2018/03/28,上櫃,其他業,股票
8442,威宏-KY,KYG981151015,2016/11/08,上市,其他業,股票
8443,阿瘦,TW0008443003,2014/09/15,上市,貿易百貨業,股票
8444,綠河-KY,KYG409691006,2015/10/27,上櫃,其他業,股票
8446,華研,TW0008446006,2013/12/19,上櫃,文化創意業,股票
8450,霹靂,TW0008450008,2014/10/07,上櫃,文化創意業,股票
8454,富邦媒,TW0008454000,2014/12/19,上市,貿易百貨業,股票
8455,大拓-KY,KYG264101034,2016/01/08,上櫃,其他電子業,股票
8462,柏文,TW0008462003,2019/03/15,上市,觀光事業,股票
8463,潤泰材,TW0008463001,2015/07/13,上市,其他業,股票
8464,億豐,TW0008464009,2015/12/22,上市,其他業,股票
8466,美吉吉-KY,KYG332481087,2016/11/01,上市,其他業,股票
8467,波力-KY,KYG144971044,2015/12/15,上市,其他業,股票
8472,夠麻吉,TW0008472002,2016/01/11,上櫃,電子商務,股票
8473,山林水,TW0008473000,2016/09/08,上市,其他業,股票
8476,台境,TW0008476003,2017/03/28,上櫃,其他業,股票
8477,創業家,TW0008477001,2016/10/31,上櫃,電子商務,股票
8478,東哥遊艇,TW0008478009,2017/12/11,上市,其他業,股票
8480,泰昇-KY,KYG8661F1028,2017/01/17,上市,其他業,股票
8481,政伸,TW0008481003,2017/02/24,上市,其他業,股票
8482,商億-KY,KYG806341015,2018/08/15,上市,其他業,股票
8488,吉源-KY,KYG5140K1085,2016/12/13,上市,其他業,股票
8489,三貝德,TW0008489006,2017/04/27,上櫃,文化創意業,股票
8499,鼎炫-KY,KYG8923R1002,2017/11/24,上市,其他業,股票
8905,裕國,TW0008905001,1996/01/31,上櫃,其他業,股票
8906,花王,TW0008906009,1996/04/23,上櫃,其他業,股票
8908,欣雄,TW0008908005,1997/02/14,上櫃,油電燃氣業,股票
8916,光隆,TW0008916008,1999/04/20,上櫃,其他業,股票
8916A,光隆甲特,TW0008916A06,2019/01/29,上櫃,其他業,特別股
8917,欣泰,TW0008917006,1999/05/06,上櫃,油電燃氣業,股票
8921,沈氏,TW0008921008,2000/03/21,上櫃,其他業,股票
8923,時報,TW0008923004,1999/12/27,上櫃,文化創意業,股票
8924,大田,TW0008924002,2000/02/09,上櫃,其他業,股票
8926,台汽電,TW0008926007,2003/08/25,上市,油電燃氣業,股票
8927,北基,TW0008927005,2000/11/02,上櫃,油電燃氣業,股票
8928,鉅明,TW0008928003,2001/02/02,上櫃,其他業,股票
8929,富堡,TW0008929001,2000/11/30,上櫃,其他業,股票
8930,青鋼,TW0008930009,2000/12/06,上櫃,鋼鐵工業,股票
8931,大汽電,TW0008931007,2001/05/10,上櫃,油電燃氣業,股票
8932,宏大,TW0008932005,2001/03/29,上櫃,其他業,股票
8933,愛地雅,TW0008933003,2001/03/28,上櫃,其他業,股票
8935,邦泰,TW0008935008,2002/03/26,上櫃,其他業,股票
8936,國統,TW0008936006,2002/09/09,上櫃,其他業,股票
8937,合騏,TW0008937004,2002/10/29,上櫃,其他業,股票
8938,明安,TW0008938002,2002/12/02,上櫃,其他業,股票
8940,新天地,TW0008940008,2009/05/15,上市,觀光事業,股票
8941,關中,TW0008941006,2003/01/20,上櫃,貿易百貨業,股票
8942,森鉅,TW0008942004,2003/05/16,上櫃,其他業,股票
8996,高力,TW0008996000,2014/02/14,上市,電機機械,股票
9103,美德醫療-DR,TW0009103002,2002/12/13,上市,,臺灣存託憑證(TDR)
910322,康師傅-DR,TW0009103226,2009/12/16,上市,,臺灣存託憑證(TDR)
9105,泰金寶-DR,TW0009105007,2003/09/22,上市,,臺灣存託憑證(TDR)
910861,神州-DR,TW0009108613,2010/11/24,上市,,臺灣存託憑證(TDR)
9110,越南控-DR,TW0009110007,2009/12/03,上市,,臺灣存託憑證(TDR)
911608,明輝-DR,TW0009116087,2010/10/20,上市,,臺灣存託憑證(TDR)
911613,特藝-DR,TW0009116137,2011/02/25,上櫃,,臺灣存託憑證(TDR)
911616,杜康-DR,TW0009116160,2011/03/09,上市,,臺灣存託憑證(TDR)
911622,泰聚亨-DR,TW0009116228,2011/09/29,上市,,臺灣存託憑證(TDR)
911868,同方友友-DR,TW0009118687,2009/12/22,上市,,臺灣存託憑證(TDR)
912000,晨訊科-DR,TW0009120006,2011/04/25,上市,,臺灣存託憑證(TDR)
912398,友佳-DR,TW0009123984,2010/03/18,上市,,臺灣存託憑證(TDR)
9136,巨騰-DR,TW0009136002,2009/05/25,上市,,臺灣存託憑證(TDR)
9188,精熙-DR,TW0009188003,2009/10/08,上市,,臺灣存託憑證(TDR)
9802,鈺齊-KY,KYG368891068,2012/10/18,上市,其他業,股票
9902,台火,TW0009902007,1964/07/14,上市,其他業,股票
9904,寶成,TW0009904003,1990/01/19,上市,其他業,股票
9905,大華,TW0009905000,1990/08/08,上市,其他業,股票
9906,欣巴巴,TW0009906008,1990/12/15,上市,建材營造業,股票
9907,統一實,TW0009907006,1991/01/29,上市,其他業,股票
9908,大台北,TW0009908004,1991/02/06,上市,油電燃氣業,股票
9910,豐泰,TW0009910000,1992/02/18,上市,其他業,股票
9911,櫻花,TW0009911008,1992/07/16,上市,其他業,股票
9912,偉聯,TW0009912006,1992/08/08,上市,電腦及週邊設備業,股票
9914,美利達,TW0009914002,1992/09/30,上市,其他業,股票
9917,中保科,TW0009917005,1993/12/08,上市,其他業,股票
9918,欣天然,TW0009918003,1994/04/26,上市,油電燃氣業,股票
9919,康那香,TW0009919001,1994/11/04,上市,其他業,股票
9921,巨大,TW0009921007,1994/12/29,上市,其他業,股票
9924,福興,TW0009924001,1995/03/15,上市,其他業,股票
9925,新保,TW0009925008,1995/12/09,上市,其他業,股票
9926,新海,TW0009926006,1998/04/08,上市,油電燃氣業,股票
9927,泰銘,TW0009927004,1999/03/12,上市,其他業,股票
9928,中視,TW0009928002,1999/08/09,上市,其他業,股票
9929,秋雨,TW0009929000,1999/06/28,上市,其他業,股票
9930,中聯資源,TW0009930008,1999/11/22,上市,其他業,股票
9931,欣高,TW0009931006,2000/03/21,上市,油電燃氣業,股票
9933,中鼎,TW0009933002,1993/05/28,上市,其他業,股票
9934,成霖,TW0009934000,2000/09/11,上市,其他業,股票
9935,慶豐富,TW0009935007,2000/09/11,上市,其他業,股票
9937,全國,TW0009937003,2000/09/11,上市,油電燃氣業,股票
9938,百和,TW0009938001,2001/01/12,上市,其他業,股票
9939,宏全,TW0009939009,2001/03/02,上市,其他業,股票
9940,信義,TW0009940007,2001/09/17,上市,其他業,股票
9941,裕融,TW0009941005,2001/09/17,上市,其他業,股票
9941A,裕融甲特,TW0009941A03,2018/11/26,上市,其他業,特別股
9942,茂順,TW0009942003,2002/01/28,上市,其他業,股票
9943,好樂迪,TW0009943001,2002/08/26,上市,觀光事業,股票
9944,新麗,TW0009944009,2002/08/26,上市,其他業,股票
9945,潤泰新,TW0009945006,1992/04/30,上市,其他業,股票
9946,三發地產,TW0009946004,2013/09/17,上市,建材營造業,股票
9949,琉園,TW0009949008,2003/11/21,上櫃,文化創意業,股票
9950,萬國通,TW0009950006,2004/02/17,上櫃,塑膠工業,股票
9951,皇田,TW0009951004,2003/12/18,上櫃,電機機械,股票
9955,佳龍,TW0009955005,2008/01/21,上市,其他業,股票
9958,世紀鋼,TW0009958009,2008/03/12,上市,鋼鐵工業,股票
9960,邁達康,TW0009960005,2004/12/06,上櫃,貿易百貨業,股票
9962,有益,TW0009962001,2006/07/10,上櫃,鋼鐵工業,股票
