Date,High,Low,Open,Close,Volume,Adj Close
2018-07-02,42.95000076293945,36.04999923706055,42.0,38.0,1995000.0,32.78959655761719
2018-07-03,37.70000076293945,35.0,37.0,35.04999923706055,746440.0,30.24408531188965
2018-07-04,36.5,34.349998474121094,34.349998474121094,35.0,315500.0,30.20094108581543
2018-07-05,36.849998474121094,34.79999923706055,34.900001525878906,35.5,351440.0,30.632387161254883
2018-07-06,36.29999923706055,34.5,35.95000076293945,34.70000076293945,207000.0,29.942079544067383
2018-07-09,34.70000076293945,31.25,34.70000076293945,31.450000762939453,390678.0,27.137704849243164
2018-07-10,32.599998474121094,31.5,31.649999618530273,31.600000381469727,255280.0,27.26713752746582
2018-07-11,31.399999618530273,29.549999237060547,31.399999618530273,30.149999618530273,289894.0,26.015954971313477
2018-07-12,30.5,29.850000381469727,30.0,30.149999618530273,226088.0,26.015954971313477
2018-07-13,32.5,30.0,30.549999237060547,31.299999237060547,365000.0,27.008270263671875
2018-07-16,32.0,31.299999237060547,31.350000381469727,31.299999237060547,245321.0,27.008270263671875
2018-07-17,31.399999618530273,30.600000381469727,31.299999237060547,30.899999618530273,143200.0,26.663118362426758
2018-07-18,31.549999237060547,30.950000762939453,31.049999237060547,31.5,125000.0,27.180849075317383
2018-07-19,31.5,31.100000381469727,31.5,31.399999618530273,155000.0,27.094558715820312
2018-07-20,31.950000762939453,31.5,31.600000381469727,31.700000762939453,175432.0,27.35342788696289
2018-07-23,34.25,31.299999237060547,31.700000762939453,30.600000381469727,454808.0,26.404253005981445
2018-07-24,30.549999237060547,29.200000762939453,30.5,29.700000762939453,458200.0,27.419761657714844
2018-07-25,30.100000381469727,29.5,29.700000762939453,30.0,116000.0,27.69672966003418
2018-07-26,30.100000381469727,29.549999237060547,30.100000381469727,29.799999237060547,115000.0,27.5120849609375
2018-07-27,30.399999618530273,29.649999618530273,30.0,29.850000381469727,135000.0,27.558246612548828
2018-07-30,30.5,29.850000381469727,29.850000381469727,30.5,100000.0,28.158342361450195
2018-07-31,30.600000381469727,30.399999618530273,30.5,30.5,85200.0,28.158342361450195
2018-08-01,30.799999237060547,30.350000381469727,30.600000381469727,30.799999237060547,42000.0,28.4353084564209
2018-08-02,30.75,30.200000762939453,30.600000381469727,30.25,91000.0,27.927536010742188
2018-08-03,30.5,30.200000762939453,30.299999237060547,30.25,45000.0,27.927536010742188
2018-08-06,30.5,30.200000762939453,30.299999237060547,30.25,28000.0,27.927536010742188
2018-08-07,30.450000762939453,30.149999618530273,30.399999618530273,30.299999237060547,41200.0,27.973695755004883
2018-08-08,30.25,29.600000381469727,30.25,30.0,101000.0,27.69672966003418
2018-08-09,30.0,29.450000762939453,30.0,29.75,55000.0,27.465923309326172
2018-08-10,30.200000762939453,29.799999237060547,29.799999237060547,30.200000762939453,94010.0,27.881376266479492
2018-08-13,30.200000762939453,29.700000762939453,30.0,29.899999618530273,93000.0,27.604406356811523
2018-08-14,30.799999237060547,29.899999618530273,30.399999618530273,29.950000762939453,86000.0,27.650569915771484
2018-08-15,31.0,30.0,31.0,30.5,89100.0,28.158342361450195
2018-08-16,30.549999237060547,29.200000762939453,30.549999237060547,30.450000762939453,50000.0,28.112180709838867
2018-08-17,30.350000381469727,29.799999237060547,30.350000381469727,30.200000762939453,68050.0,27.881376266479492
2018-08-20,30.100000381469727,29.549999237060547,30.100000381469727,29.850000381469727,116000.0,27.558246612548828
2018-08-21,30.0,29.5,29.950000762939453,29.549999237060547,105188.0,27.281278610229492
2018-08-22,29.799999237060547,29.549999237060547,29.549999237060547,29.600000381469727,22000.0,27.32744026184082
2018-08-23,29.5,29.450000762939453,29.5,29.450000762939453,15000.0,27.18895721435547
2018-08-24,29.600000381469727,29.299999237060547,29.399999618530273,29.600000381469727,33000.0,27.32744026184082
2018-08-27,29.799999237060547,29.700000762939453,29.700000762939453,29.799999237060547,16050.0,27.5120849609375
2018-08-28,30.200000762939453,29.600000381469727,29.850000381469727,29.850000381469727,22600.0,27.558246612548828
2018-08-29,29.850000381469727,29.399999618530273,29.799999237060547,29.850000381469727,35000.0,27.558246612548828
2018-08-30,29.899999618530273,29.450000762939453,29.649999618530273,29.649999618530273,16000.0,27.37360191345215
2018-08-31,29.75,29.399999618530273,29.75,29.600000381469727,29000.0,27.32744026184082
2018-09-03,29.649999618530273,29.299999237060547,29.649999618530273,29.399999618530273,35000.0,27.14279556274414
2018-09-04,29.600000381469727,29.450000762939453,29.549999237060547,29.600000381469727,12000.0,27.32744026184082
2018-09-05,29.600000381469727,29.200000762939453,29.5,29.600000381469727,21000.0,27.32744026184082
2018-09-06,29.399999618530273,28.700000762939453,28.700000762939453,29.399999618530273,12000.0,27.14279556274414
2018-09-07,29.399999618530273,29.0,29.399999618530273,29.0,22050.0,26.77350616455078
2018-09-10,29.100000381469727,27.0,29.100000381469727,27.850000381469727,141100.0,25.7117977142334
2018-09-11,28.0,26.899999618530273,27.100000381469727,28.0,82050.0,25.850282669067383
2018-09-12,27.850000381469727,27.200000762939453,27.850000381469727,27.350000381469727,22200.0,25.250185012817383
2018-09-13,27.5,26.899999618530273,27.100000381469727,27.25,45100.0,25.15786361694336
2018-09-14,27.450000762939453,27.200000762939453,27.399999618530273,27.25,27100.0,25.15786361694336
2018-09-17,27.450000762939453,27.0,27.399999618530273,27.049999237060547,75000.0,24.97321891784668
2018-09-18,27.399999618530273,27.049999237060547,27.049999237060547,27.100000381469727,60100.0,25.019378662109375
2018-09-19,27.899999618530273,27.049999237060547,27.149999618530273,27.450000762939453,78000.0,25.34250831604004
2018-09-20,27.450000762939453,27.100000381469727,27.450000762939453,27.200000762939453,37000.0,25.11170196533203
2018-09-21,27.399999618530273,27.200000762939453,27.399999618530273,27.299999237060547,31000.0,25.204023361206055
2018-09-25,27.799999237060547,27.5,27.5,27.799999237060547,11000.0,25.66563606262207
2018-09-26,27.600000381469727,27.549999237060547,27.600000381469727,27.600000381469727,7000.0,25.480993270874023
2018-09-27,28.0,27.600000381469727,27.600000381469727,27.799999237060547,24000.0,25.66563606262207
2018-09-28,28.0,27.799999237060547,27.799999237060547,27.799999237060547,9000.0,25.66563606262207
2018-10-01,28.549999237060547,27.799999237060547,27.799999237060547,28.549999237060547,13000.0,26.358055114746094
2018-10-02,30.200000762939453,28.700000762939453,28.700000762939453,30.200000762939453,97000.0,27.881376266479492
2018-10-03,30.850000381469727,29.5,30.850000381469727,30.200000762939453,101000.0,27.881376266479492
2018-10-04,32.5,30.0,30.200000762939453,32.5,247250.0,30.004789352416992
2018-10-05,32.95000076293945,31.299999237060547,32.0,31.700000762939453,129157.0,29.266212463378906
2018-10-08,32.5,31.799999237060547,31.850000381469727,32.5,56253.0,30.004789352416992
2018-10-09,33.29999923706055,32.400001525878906,32.5,32.400001525878906,130200.0,29.9124698638916
2018-10-11,31.700000762939453,29.399999618530273,31.200000762939453,29.399999618530273,73300.0,27.14279556274414
2018-10-12,32.29999923706055,29.399999618530273,29.399999618530273,32.29999923706055,148598.0,29.820144653320312
2018-10-15,35.04999923706055,32.5,32.900001525878906,34.79999923706055,207045.0,32.128204345703125
2018-10-16,35.0,33.099998474121094,34.54999923706055,34.150001525878906,154003.0,31.52811050415039
2018-10-17,34.849998474121094,34.20000076293945,34.79999923706055,34.349998474121094,106000.0,31.71275520324707
2018-10-18,34.79999923706055,33.5,34.79999923706055,34.29999923706055,40100.0,31.666593551635742
2018-10-19,33.95000076293945,33.0,33.5,33.5,56029.0,30.928014755249023
2018-10-22,34.349998474121094,33.5,34.349998474121094,33.900001525878906,20280.0,31.297306060791016
2018-10-23,33.79999923706055,33.099998474121094,33.70000076293945,33.349998474121094,87168.0,30.789527893066406
2018-10-24,33.849998474121094,33.349998474121094,33.349998474121094,33.54999923706055,26000.0,30.97417640686035
2018-10-25,33.25,32.5,33.25,32.900001525878906,144086.0,30.374082565307617
2018-10-26,34.650001525878906,32.79999923706055,34.650001525878906,33.349998474121094,38000.0,30.789527893066406
2018-10-29,34.0,33.400001525878906,33.400001525878906,34.0,31000.0,31.389629364013672
2018-10-30,34.20000076293945,33.5,34.0,33.95000076293945,39000.0,31.343467712402344
2018-10-31,34.25,33.599998474121094,34.20000076293945,33.599998474121094,47000.0,31.020336151123047
2018-11-01,34.150001525878906,33.599998474121094,33.70000076293945,33.95000076293945,21000.0,31.343467712402344
2018-11-02,34.150001525878906,33.5,34.150001525878906,33.900001525878906,62000.0,31.297306060791016
2018-11-05,33.95000076293945,33.599998474121094,33.900001525878906,33.95000076293945,31200.0,31.343467712402344
2018-11-06,34.0,33.5,34.0,33.79999923706055,50000.0,31.204980850219727
2018-11-07,36.0,33.79999923706055,34.0,36.0,237100.0,33.23607635498047
2018-11-08,37.099998474121094,36.5,36.599998474121094,37.099998474121094,288100.0,34.25162124633789
2018-11-09,37.599998474121094,36.70000076293945,37.29999923706055,37.349998474121094,169100.0,34.48242950439453
2018-11-12,37.04999923706055,36.5,37.04999923706055,36.849998474121094,112000.0,34.020816802978516
2018-11-13,37.5,36.70000076293945,36.70000076293945,37.099998474121094,242090.0,34.25162124633789
2018-11-14,37.099998474121094,35.900001525878906,36.95000076293945,36.5,152056.0,33.697689056396484
2018-11-15,37.349998474121094,36.650001525878906,36.79999923706055,37.0,59000.0,34.1593017578125
2018-11-16,37.0,36.5,37.0,36.79999923706055,21000.0,33.97465515136719
2018-11-19,35.70000076293945,35.54999923706055,35.54999923706055,35.650001525878906,46159.0,32.91294860839844
2018-11-20,35.20000076293945,33.70000076293945,35.099998474121094,34.20000076293945,100178.0,31.57427215576172
2018-11-21,34.0,33.0,34.0,33.099998474121094,161000.0,30.55872344970703
2018-11-22,33.599998474121094,32.900001525878906,33.349998474121094,32.900001525878906,79000.0,30.374082565307617
2018-11-23,32.900001525878906,32.70000076293945,32.70000076293945,32.900001525878906,25000.0,30.374082565307617
2018-11-26,35.20000076293945,33.29999923706055,33.5,35.0,149000.0,32.31285095214844
2018-11-27,35.5,34.5,35.0,35.349998474121094,161000.0,32.63597869873047
2018-11-28,35.70000076293945,35.0,35.349998474121094,35.349998474121094,57403.0,32.63597869873047
2018-11-29,36.0,34.849998474121094,36.0,34.849998474121094,78000.0,32.17436599731445
2018-11-30,35.349998474121094,34.849998474121094,34.900001525878906,35.25,34100.0,32.54365539550781
2018-12-03,38.0,35.79999923706055,35.79999923706055,37.0,289000.0,34.1593017578125
2018-12-04,38.45000076293945,36.099998474121094,37.20000076293945,38.45000076293945,645280.0,35.49797821044922
2018-12-05,42.099998474121094,37.70000076293945,38.400001525878906,41.0,1353213.0,37.85219955444336
2018-12-06,42.5,39.400001525878906,42.0,42.5,1225216.0,39.23703384399414
2018-12-07,42.54999923706055,41.400001525878906,42.5,42.5,700500.0,39.23703384399414
2018-12-10,42.849998474121094,41.0,42.0,42.45000076293945,459968.0,39.19087219238281
2018-12-11,44.400001525878906,40.29999923706055,43.0,41.25,732280.0,38.083003997802734
2018-12-12,42.0,40.04999923706055,41.20000076293945,41.349998474121094,464000.0,38.175323486328125
2018-12-13,43.5,41.5,42.0,43.5,601100.0,40.16025924682617
2018-12-14,43.95000076293945,41.5,43.95000076293945,41.650001525878906,366060.0,38.452293395996094
2018-12-17,41.95000076293945,40.5,41.650001525878906,41.54999923706055,197200.0,38.35997009277344
2018-12-18,41.45000076293945,39.79999923706055,41.45000076293945,39.900001525878906,336227.0,36.83665466308594
2018-12-19,42.0,40.0,40.29999923706055,41.75,370100.0,38.54461669921875
2018-12-20,41.70000076293945,40.150001525878906,40.400001525878906,40.45000076293945,180100.0,37.344425201416016
2018-12-21,41.0,39.650001525878906,40.45000076293945,40.900001525878906,76390.0,37.7598762512207
2018-12-24,43.95000076293945,40.599998474121094,40.650001525878906,43.70000076293945,741050.0,40.344905853271484
2018-12-25,43.150001525878906,41.099998474121094,42.849998474121094,42.099998474121094,445100.0,38.86774444580078
2018-12-26,42.79999923706055,40.5,42.099998474121094,40.5,300120.0,37.39058303833008
2018-12-27,41.900001525878906,40.95000076293945,41.45000076293945,41.099998474121094,141000.0,37.94451904296875
2018-12-28,41.900001525878906,40.79999923706055,41.099998474121094,41.5,93250.0,38.31380844116211
2019-01-02,42.5,40.400001525878906,41.5,40.599998474121094,145050.0,37.482906341552734
2019-01-03,41.400001525878906,40.20000076293945,40.20000076293945,40.5,75188.0,37.39058303833008
2019-01-04,40.400001525878906,39.650001525878906,39.650001525878906,40.349998474121094,104999.0,37.25210189819336
2019-01-07,44.349998474121094,42.0,42.0,44.349998474121094,2076401.0,40.94499969482422
2019-01-08,45.75,43.5,45.75,44.54999923706055,2007325.0,41.129642486572266
2019-01-09,49.0,45.54999923706055,45.599998474121094,48.70000076293945,2767912.0,44.96102523803711
2019-01-10,50.900001525878906,47.5,48.0,48.5,2098393.0,44.77638244628906
2019-01-11,51.79999923706055,48.099998474121094,49.0,51.0,2510600.0,47.084442138671875
2019-01-14,51.400001525878906,49.70000076293945,51.400001525878906,50.400001525878906,1045600.0,46.53050994873047
2019-01-15,51.099998474121094,48.849998474121094,51.0,49.900001525878906,839030.0,46.06889724731445
2019-01-16,50.70000076293945,49.0,50.70000076293945,49.650001525878906,568700.0,45.83808898925781
2019-01-17,52.5,49.150001525878906,50.79999923706055,49.150001525878906,2311603.0,45.3764762878418
2019-01-18,50.0,47.5,48.5,47.5,1283565.0,43.853153228759766
2019-01-21,48.29999923706055,45.25,47.79999923706055,45.5,994483.0,42.00670623779297
2019-01-22,47.400001525878906,45.849998474121094,46.20000076293945,45.849998474121094,741000.0,42.329833984375
2019-01-23,47.400001525878906,45.650001525878906,46.04999923706055,46.900001525878906,700168.0,43.29922103881836
2019-01-24,47.349998474121094,45.900001525878906,47.0,46.400001525878906,419075.0,42.837608337402344
2019-01-25,47.349998474121094,46.20000076293945,46.45000076293945,46.29999923706055,393000.0,42.74528884887695
2019-01-28,46.5,45.45000076293945,46.150001525878906,45.45000076293945,486250.0,41.960548400878906
2019-01-29,45.79999923706055,45.0,45.20000076293945,45.400001525878906,277200.0,41.91438674926758
2019-01-30,46.099998474121094,45.5,45.5,45.75,347000.0,42.23751449584961
2019-02-11,48.70000076293945,45.900001525878906,46.400001525878906,48.650001525878906,973662.0,44.91486358642578
2019-02-12,50.29999923706055,47.29999923706055,49.099998474121094,47.54999923706055,1428400.0,43.899314880371094
2019-02-13,48.849998474121094,47.400001525878906,47.900001525878906,47.599998474121094,917000.0,43.94547653198242
2019-02-14,48.099998474121094,46.70000076293945,47.70000076293945,46.900001525878906,403700.0,43.29922103881836
2019-02-15,47.849998474121094,46.45000076293945,46.54999923706055,46.650001525878906,240110.0,43.068416595458984
2019-02-18,47.45000076293945,46.5,47.29999923706055,46.599998474121094,190720.0,43.02225112915039
2019-02-19,47.0,46.599998474121094,46.900001525878906,46.70000076293945,138110.0,43.11457443237305
2019-02-20,48.20000076293945,46.25,46.70000076293945,47.5,413000.0,43.853153228759766
2019-02-21,49.0,47.0,47.70000076293945,47.099998474121094,489100.0,43.483863830566406
2019-02-22,47.099998474121094,46.0,47.099998474121094,46.04999923706055,392133.0,42.51447677612305
2019-02-25,46.349998474121094,45.04999923706055,46.150001525878906,45.04999923706055,516250.0,41.59125518798828
2019-02-26,45.5,45.04999923706055,45.400001525878906,45.150001525878906,171260.0,41.6835823059082
2019-02-27,45.400001525878906,43.75,45.400001525878906,43.849998474121094,440048.0,40.48338317871094
2019-03-04,46.0,43.95000076293945,43.95000076293945,45.70000076293945,288150.0,42.19135284423828
2019-03-05,45.849998474121094,44.70000076293945,45.75,45.0,189000.0,41.54509353637695
2019-03-06,45.5,45.0,45.20000076293945,45.099998474121094,121000.0,41.63741683959961
2019-03-07,45.900001525878906,44.5,44.900001525878906,44.5,187000.0,41.08348083496094
2019-03-08,44.45000076293945,43.20000076293945,44.45000076293945,43.75,162165.0,40.39106369018555
2019-03-11,44.79999923706055,44.099998474121094,44.29999923706055,44.29999923706055,77000.0,40.89883804321289
2019-03-12,45.099998474121094,44.349998474121094,44.349998474121094,44.79999923706055,121554.0,41.360450744628906
2019-03-13,45.0,44.150001525878906,45.0,44.150001525878906,118000.0,40.760353088378906
2019-03-14,44.45000076293945,44.20000076293945,44.29999923706055,44.400001525878906,68000.0,40.99116134643555
2019-03-15,44.54999923706055,44.150001525878906,44.400001525878906,44.20000076293945,71000.0,40.806514739990234
2019-03-18,45.349998474121094,44.150001525878906,44.54999923706055,44.54999923706055,168000.0,41.129642486572266
2019-03-19,45.349998474121094,44.79999923706055,45.0,44.79999923706055,187207.0,41.360450744628906
2019-03-20,47.45000076293945,45.099998474121094,45.099998474121094,47.29999923706055,714000.0,43.66851043701172
2019-03-21,51.5,49.099998474121094,51.0,51.20000076293945,2837925.0,47.26908493041992
2019-03-22,52.0,50.29999923706055,52.0,51.0,1208100.0,47.084442138671875
2019-03-25,51.29999923706055,49.5,50.599998474121094,50.599998474121094,726150.0,46.71514892578125
2019-03-26,54.5,51.0,51.20000076293945,51.0,2099150.0,47.084442138671875
2019-03-27,52.5,50.599998474121094,51.099998474121094,51.5,621300.0,47.54605484008789
2019-03-28,53.70000076293945,50.70000076293945,52.0,50.900001525878906,887060.0,46.99211883544922
2019-03-29,51.900001525878906,50.0,51.79999923706055,50.0,433200.0,46.161216735839844
2019-04-01,50.900001525878906,48.400001525878906,50.900001525878906,48.400001525878906,656450.0,44.684059143066406
2019-04-02,50.5,48.45000076293945,48.45000076293945,49.5,575000.0,45.69960403442383
2019-04-03,50.099998474121094,48.79999923706055,50.099998474121094,49.29999923706055,338100.0,45.51496124267578
2019-04-08,49.900001525878906,49.20000076293945,49.79999923706055,49.29999923706055,204000.0,45.51496124267578
2019-04-09,51.599998474121094,49.29999923706055,49.650001525878906,50.599998474121094,662000.0,46.71514892578125
2019-04-10,49.5,48.29999923706055,49.5,48.70000076293945,583000.0,44.96102523803711
2019-04-11,48.70000076293945,47.650001525878906,48.70000076293945,47.79999923706055,343200.0,44.130123138427734
2019-04-12,48.400001525878906,47.79999923706055,48.0,47.79999923706055,137000.0,44.130123138427734
2019-04-15,50.29999923706055,47.79999923706055,48.0,50.20000076293945,506400.0,46.345863342285156
2019-04-16,50.70000076293945,49.0,50.70000076293945,49.25,369000.0,45.46879959106445
2019-04-17,49.95000076293945,49.25,49.29999923706055,49.5,260300.0,45.69960403442383
2019-04-18,50.099998474121094,48.25,49.849998474121094,48.25,237000.0,44.54557418823242
2019-04-19,49.0,48.099998474121094,48.349998474121094,48.099998474121094,109060.0,44.40708923339844
2019-04-22,48.20000076293945,47.54999923706055,48.0,48.099998474121094,165000.0,44.40708923339844
2019-04-23,47.75,46.54999923706055,47.70000076293945,46.54999923706055,481040.0,42.97609329223633
2019-04-24,47.0,46.45000076293945,46.54999923706055,46.5,178100.0,42.929931640625
2019-04-25,46.95000076293945,46.04999923706055,46.5,46.150001525878906,148000.0,42.60680389404297
2019-04-26,46.150001525878906,45.54999923706055,46.150001525878906,45.70000076293945,192000.0,42.19135284423828
2019-04-29,46.400001525878906,45.20000076293945,45.75,45.599998474121094,126000.0,42.09902572631836
2019-04-30,46.349998474121094,45.599998474121094,45.599998474121094,46.150001525878906,66000.0,42.60680389404297
2019-05-02,46.54999923706055,45.95000076293945,46.150001525878906,46.150001525878906,84003.0,42.60680389404297
2019-05-03,46.5,46.04999923706055,46.099998474121094,46.099998474121094,83000.0,42.560638427734375
2019-05-06,45.599998474121094,44.20000076293945,45.599998474121094,44.20000076293945,191200.0,40.806514739990234
2019-05-07,45.099998474121094,44.25,44.25,44.5,63000.0,41.08348083496094
2019-05-08,43.95000076293945,43.04999923706055,43.04999923706055,43.349998474121094,248000.0,40.02177429199219
2019-05-09,43.400001525878906,40.5,43.349998474121094,40.5,418000.0,37.39058303833008
2019-05-10,41.400001525878906,40.5,40.5,40.79999923706055,144195.0,37.66754913330078
2019-05-13,41.29999923706055,40.54999923706055,41.29999923706055,40.650001525878906,128100.0,37.52907180786133
2019-05-14,39.400001525878906,37.400001525878906,39.150001525878906,38.95000076293945,479000.0,35.95958709716797
2019-05-15,39.79999923706055,39.0,39.0,39.400001525878906,155350.0,36.375038146972656
2019-05-16,39.79999923706055,39.25,39.5,39.29999923706055,108000.0,36.28271484375
2019-05-17,39.75,38.5,39.20000076293945,38.70000076293945,128100.0,35.728782653808594
2019-05-20,38.70000076293945,38.0,38.70000076293945,38.20000076293945,133000.0,35.26716995239258
2019-05-21,38.79999923706055,37.650001525878906,38.0,38.45000076293945,69000.0,35.49797821044922
2019-05-22,38.29999923706055,37.849998474121094,38.099998474121094,38.0,96000.0,35.082523345947266
2019-05-23,37.54999923706055,35.400001525878906,37.20000076293945,35.70000076293945,356002.0,32.959110260009766
2019-05-24,36.5,35.150001525878906,35.70000076293945,35.79999923706055,59056.0,33.051429748535156
2019-05-27,36.150001525878906,35.70000076293945,36.0,36.099998474121094,39000.0,33.32839584350586
2019-05-28,36.599998474121094,36.0,36.20000076293945,36.25,77100.0,33.46688461303711
2019-05-29,36.5,36.0,36.099998474121094,36.25,44000.0,33.46688461303711
2019-05-30,36.599998474121094,36.04999923706055,36.04999923706055,36.349998474121094,57000.0,33.559200286865234
2019-05-31,37.349998474121094,36.5,36.599998474121094,37.099998474121094,77000.0,34.25162124633789
2019-06-03,37.099998474121094,36.5,37.099998474121094,36.70000076293945,30000.0,33.88233184814453
2019-06-04,36.95000076293945,36.20000076293945,36.900001525878906,36.5,50000.0,33.697689056396484
2019-06-05,36.95000076293945,36.25,36.95000076293945,36.25,86000.0,33.46688461303711
2019-06-06,36.29999923706055,35.79999923706055,36.29999923706055,35.849998474121094,19000.0,33.097591400146484
2019-06-10,36.20000076293945,35.900001525878906,36.0,36.0,49200.0,33.23607635498047
2019-06-11,35.25,35.0,35.0,35.0,153100.0,32.31285095214844
2019-06-12,35.54999923706055,35.0,35.099998474121094,35.45000076293945,49327.0,32.72830581665039
2019-06-13,36.0,35.150001525878906,35.150001525878906,35.599998474121094,46000.0,32.866783142089844
2019-06-14,35.75,35.400001525878906,35.70000076293945,35.400001525878906,33100.0,32.68214416503906
2019-06-17,35.70000076293945,35.45000076293945,35.45000076293945,35.5,17040.0,32.77446365356445
2019-06-18,35.70000076293945,35.0,35.70000076293945,35.0,95000.0,32.31285095214844
2019-06-19,35.70000076293945,35.099998474121094,35.599998474121094,35.29999923706055,120000.0,32.58981704711914
2019-06-20,36.25,35.45000076293945,35.45000076293945,35.79999923706055,123000.0,33.051429748535156
2019-06-21,39.349998474121094,36.349998474121094,36.349998474121094,39.349998474121094,594143.0,36.32887649536133
2019-06-24,39.20000076293945,38.599998474121094,38.900001525878906,38.849998474121094,330145.0,35.86726379394531
2019-06-25,39.25,38.29999923706055,39.099998474121094,38.29999923706055,94000.0,35.35948944091797
2019-06-26,38.0,37.650001525878906,38.0,37.900001525878906,61010.0,34.990203857421875
2019-06-27,38.900001525878906,38.0,38.0,38.54999923706055,49000.0,35.590293884277344
2019-06-28,38.849998474121094,38.0,38.849998474121094,38.04999923706055,42000.0,35.128684997558594
2019-07-01,39.79999923706055,38.599998474121094,38.79999923706055,39.70000076293945,178007.0,36.65200424194336
2019-07-02,39.650001525878906,38.54999923706055,39.650001525878906,38.79999923706055,57000.0,35.82110595703125
2019-07-03,39.0,38.400001525878906,39.0,38.70000076293945,40000.0,35.728782653808594
2019-07-04,39.20000076293945,38.70000076293945,38.75,39.20000076293945,51000.0,36.19039535522461
2019-07-05,39.70000076293945,39.0,39.70000076293945,39.150001525878906,59000.0,36.14423370361328
2019-07-08,39.5,38.849998474121094,39.150001525878906,39.45000076293945,87000.0,36.421199798583984
2019-07-09,37.54999923706055,37.099998474121094,37.20000076293945,37.29999923706055,34000.0,36.56825637817383
2019-07-10,37.75,37.349998474121094,37.349998474121094,37.45000076293945,26000.0,36.71531295776367
2019-07-11,37.900001525878906,37.400001525878906,37.79999923706055,37.5,38000.0,36.76433181762695
2019-07-12,37.70000076293945,36.0,37.5,36.54999923706055,74000.0,35.832969665527344
2019-07-15,36.54999923706055,36.0,36.54999923706055,36.0,71000.0,35.293758392333984
2019-07-16,37.25,36.29999923706055,36.29999923706055,36.75,52000.0,36.02904510498047
2019-07-17,37.0,36.75,36.75,36.79999923706055,24280.0,36.07806396484375
2019-07-18,37.400001525878906,36.75,37.29999923706055,36.900001525878906,14280.0,36.17610549926758
2019-07-19,37.400001525878906,36.650001525878906,36.70000076293945,37.04999923706055,34000.0,36.323158264160156
2019-07-22,38.0,37.29999923706055,37.29999923706055,37.900001525878906,38000.0,37.15648651123047
2019-07-23,38.349998474121094,37.45000076293945,37.900001525878906,37.45000076293945,63000.0,36.71531295776367
2019-07-24,38.900001525878906,37.95000076293945,38.29999923706055,38.599998474121094,118000.0,37.842750549316406
2019-07-25,39.349998474121094,38.79999923706055,39.349998474121094,38.900001525878906,74000.0,38.13686752319336
2019-07-26,39.25,38.400001525878906,39.20000076293945,38.900001525878906,65000.0,38.13686752319336
2019-07-29,39.29999923706055,38.599998474121094,38.79999923706055,39.20000076293945,92000.0,38.43098449707031
2019-07-30,38.650001525878906,38.099998474121094,38.650001525878906,38.20000076293945,40000.0,37.450599670410156
2019-07-31,38.45000076293945,38.20000076293945,38.45000076293945,38.400001525878906,13000.0,37.64667892456055
2019-08-01,38.20000076293945,37.900001525878906,38.04999923706055,38.20000076293945,11000.0,37.450599670410156
2019-08-02,38.150001525878906,36.900001525878906,38.150001525878906,37.20000076293945,23000.0,36.470218658447266
2019-08-05,36.650001525878906,36.0,36.400001525878906,36.0,68000.0,35.293758392333984
2019-08-06,36.70000076293945,35.400001525878906,35.400001525878906,36.349998474121094,32000.0,35.63689041137695
2019-08-07,36.900001525878906,36.400001525878906,36.900001525878906,36.400001525878906,5003.0,35.6859130859375
2019-08-08,37.599998474121094,36.400001525878906,36.400001525878906,37.29999923706055,49000.0,36.56825637817383
2019-08-12,39.099998474121094,37.5,37.5,38.5,128000.0,37.74471664428711
2019-08-13,41.900001525878906,38.599998474121094,41.900001525878906,39.29999923706055,293000.0,38.52901840209961
2019-08-14,39.79999923706055,37.5,39.29999923706055,37.5,257000.0,36.76433181762695
2019-08-15,37.849998474121094,37.0,37.849998474121094,37.099998474121094,151001.0,36.37217712402344
2019-08-16,37.400001525878906,37.0,37.04999923706055,37.20000076293945,43010.0,36.470218658447266
2019-08-19,37.95000076293945,37.20000076293945,37.20000076293945,37.70000076293945,26000.0,36.960411071777344
2019-08-20,38.0,37.0,37.79999923706055,37.0,29000.0,36.27414321899414
2019-08-21,37.20000076293945,36.70000076293945,37.0,36.75,52000.0,36.02904510498047
2019-08-22,37.599998474121094,36.099998474121094,37.29999923706055,36.650001525878906,96000.0,35.931007385253906
2019-08-23,36.849998474121094,36.20000076293945,36.650001525878906,36.79999923706055,46000.0,36.07806396484375
2019-08-26,36.400001525878906,35.599998474121094,35.650001525878906,36.400001525878906,38000.0,35.6859130859375
2019-08-27,37.0,36.400001525878906,36.45000076293945,37.0,57000.0,36.27414321899414
2019-08-28,37.0,36.5,37.0,36.79999923706055,19000.0,36.07806396484375
2019-08-29,37.400001525878906,36.5,36.5,37.20000076293945,29000.0,36.470218658447266
2019-08-30,37.599998474121094,36.79999923706055,36.900001525878906,36.79999923706055,61000.0,36.07806396484375
2019-09-02,37.29999923706055,36.599998474121094,36.79999923706055,36.79999923706055,44000.0,36.07806396484375
2019-09-03,37.25,36.650001525878906,36.79999923706055,36.650001525878906,32000.0,35.931007385253906
2019-09-04,37.0,36.400001525878906,36.650001525878906,36.79999923706055,30002.0,36.07806396484375
2019-09-05,37.25,36.599998474121094,36.79999923706055,36.70000076293945,48000.0,35.98002624511719
2019-09-06,37.150001525878906,36.599998474121094,36.70000076293945,37.099998474121094,48100.0,36.37217712402344
2019-09-10,38.54999923706055,37.5,37.599998474121094,38.400001525878906,343000.0,37.64667892456055
2019-09-11,39.79999923706055,38.349998474121094,38.70000076293945,38.349998474121094,362000.0,37.59765625
2019-09-12,39.75,38.349998474121094,38.650001525878906,39.400001525878906,468000.0,38.62705993652344
2019-09-16,39.849998474121094,39.04999923706055,39.849998474121094,39.04999923706055,362100.0,38.2839241027832
2019-09-17,39.29999923706055,38.25,39.29999923706055,38.400001525878906,120100.0,37.64667892456055
2019-09-18,38.70000076293945,38.0,38.400001525878906,38.400001525878906,90100.0,37.64667892456055
2019-09-19,38.400001525878906,37.849998474121094,38.400001525878906,38.0,37080.0,37.25452423095703
2019-09-20,38.45000076293945,37.599998474121094,38.349998474121094,38.0,101700.0,37.25452423095703
2019-09-23,39.20000076293945,37.95000076293945,37.95000076293945,39.099998474121094,186500.0,38.332942962646484
2019-09-24,40.95000076293945,39.25,39.349998474121094,39.29999923706055,383403.0,38.52901840209961
2019-09-25,39.45000076293945,38.599998474121094,39.0,39.0,113100.0,38.23490524291992
2019-09-26,39.400001525878906,38.95000076293945,39.29999923706055,39.0,46000.0,38.23490524291992
2019-09-27,38.900001525878906,38.5,38.75,38.70000076293945,39101.0,37.940792083740234
2019-10-01,39.0,38.5,38.54999923706055,38.54999923706055,26070.0,37.793731689453125
2019-10-02,39.0,38.54999923706055,38.54999923706055,38.75,18220.0,37.989810943603516
2019-10-03,39.0,38.5,38.70000076293945,38.79999923706055,27000.0,38.0388298034668
2019-10-04,39.0,38.400001525878906,39.0,38.650001525878906,38500.0,37.89177322387695
2019-10-07,39.20000076293945,38.54999923706055,39.20000076293945,38.70000076293945,38000.0,37.940792083740234
2019-10-08,39.099998474121094,38.29999923706055,38.599998474121094,38.650001525878906,73000.0,37.89177322387695
2019-10-09,38.29999923706055,37.04999923706055,38.29999923706055,37.04999923706055,241000.0,36.323158264160156
2019-10-14,37.400001525878906,37.0,37.099998474121094,37.099998474121094,58000.0,36.37217712402344
2019-10-15,37.5,37.04999923706055,37.099998474121094,37.04999923706055,13000.0,36.323158264160156
2019-10-16,37.25,37.099998474121094,37.099998474121094,37.20000076293945,48000.0,36.470218658447266
2019-10-17,37.400001525878906,37.099998474121094,37.20000076293945,37.20000076293945,15040.0,36.470218658447266
2019-10-18,37.29999923706055,36.900001525878906,37.04999923706055,37.0,52000.0,36.27414321899414
2019-10-21,37.20000076293945,36.900001525878906,37.0,37.20000076293945,18000.0,36.470218658447266
2019-10-22,37.29999923706055,36.900001525878906,37.25,37.0,56000.0,36.27414321899414
2019-10-23,37.349998474121094,37.0,37.0,37.349998474121094,43000.0,36.61727523803711
2019-10-24,38.400001525878906,37.349998474121094,37.349998474121094,37.70000076293945,81000.0,36.960411071777344
2019-10-25,37.79999923706055,37.349998474121094,37.79999923706055,37.349998474121094,28000.0,36.61727523803711
2019-10-28,37.349998474121094,37.0,37.20000076293945,37.20000076293945,73000.0,36.470218658447266
2019-10-29,37.45000076293945,36.650001525878906,37.20000076293945,36.849998474121094,54000.0,36.12708282470703
2019-10-30,37.20000076293945,36.849998474121094,36.849998474121094,37.20000076293945,43000.0,36.470218658447266
2019-10-31,37.04999923706055,36.849998474121094,37.04999923706055,36.900001525878906,24000.0,36.17610549926758
2019-11-01,37.0,36.849998474121094,37.0,36.849998474121094,35000.0,36.12708282470703
2019-11-04,37.75,37.400001525878906,37.400001525878906,37.599998474121094,83000.0,36.862369537353516
2019-11-05,37.849998474121094,37.04999923706055,37.70000076293945,37.75,47000.0,37.009429931640625
2019-11-06,38.849998474121094,37.79999923706055,37.900001525878906,38.25,111000.0,37.49961853027344
2019-11-07,38.400001525878906,37.900001525878906,38.25,38.349998474121094,57000.0,37.59765625
2019-11-08,38.5,38.0,38.5,38.0,35200.0,37.25452423095703
2019-11-11,38.20000076293945,36.70000076293945,37.150001525878906,37.349998474121094,82000.0,36.61727523803711
2019-11-12,38.099998474121094,37.099998474121094,38.099998474121094,38.0,71000.0,37.25452423095703
2019-11-13,39.349998474121094,38.5,38.5,38.70000076293945,158000.0,37.940792083740234
2019-11-14,38.70000076293945,38.45000076293945,38.70000076293945,38.5,43000.0,37.74471664428711
2019-11-15,39.0,38.54999923706055,38.54999923706055,38.650001525878906,35000.0,37.89177322387695
2019-11-18,39.25,38.54999923706055,39.25,38.599998474121094,63000.0,37.842750549316406
2019-11-19,39.0,38.400001525878906,39.0,38.599998474121094,58000.0,37.842750549316406
2019-11-20,38.5,38.0,38.5,38.29999923706055,92000.0,37.54863739013672
2019-11-21,38.70000076293945,38.0,38.04999923706055,38.70000076293945,23000.0,37.940792083740234
2019-11-22,39.0,38.75,38.900001525878906,39.0,91000.0,38.23490524291992
2019-11-25,39.650001525878906,38.849998474121094,39.099998474121094,39.0,106000.0,38.23490524291992
2019-11-26,39.5,39.0,39.349998474121094,39.20000076293945,171000.0,38.43098449707031
2019-11-27,43.099998474121094,39.20000076293945,39.20000076293945,42.900001525878906,1044000.0,42.05839920043945
2019-11-28,43.29999923706055,41.0,42.900001525878906,41.0,738000.0,40.19567108154297
2019-11-29,44.29999923706055,41.54999923706055,41.599998474121094,42.349998474121094,1278100.0,41.51918411254883
2019-12-02,42.349998474121094,40.599998474121094,42.349998474121094,41.04999923706055,333000.0,40.24468994140625
2019-12-03,41.29999923706055,39.849998474121094,40.95000076293945,40.599998474121094,240000.0,39.80351638793945
2019-12-04,41.20000076293945,39.95000076293945,40.349998474121094,41.04999923706055,119000.0,40.24468994140625
2019-12-05,41.79999923706055,40.900001525878906,41.599998474121094,40.900001525878906,106000.0,40.097633361816406
2019-12-06,41.599998474121094,40.5,41.599998474121094,40.5,75050.0,39.70547866821289
2019-12-09,40.900001525878906,39.900001525878906,40.900001525878906,40.5,132000.0,39.70547866821289
2019-12-10,41.0,40.25,41.0,40.849998474121094,55000.0,40.04861068725586
2019-12-11,39.95000076293945,39.29999923706055,39.849998474121094,39.349998474121094,291000.0,38.57803726196289
2019-12-12,39.400001525878906,38.849998474121094,39.400001525878906,38.95000076293945,92000.0,38.18588638305664
2019-12-13,39.20000076293945,38.599998474121094,39.20000076293945,38.95000076293945,52000.0,38.18588638305664
2019-12-16,40.099998474121094,38.75,38.75,40.099998474121094,62000.0,39.313323974609375
2019-12-17,40.04999923706055,39.70000076293945,40.04999923706055,39.849998474121094,27000.0,39.06822967529297
2019-12-18,39.900001525878906,39.45000076293945,39.849998474121094,39.900001525878906,79000.0,39.117252349853516
2019-12-19,40.0,39.70000076293945,39.900001525878906,39.70000076293945,32000.0,38.921173095703125
2019-12-20,40.150001525878906,39.70000076293945,40.150001525878906,40.0,37000.0,39.21528625488281
2019-12-23,40.0,39.650001525878906,40.0,39.650001525878906,34000.0,38.872154235839844
2019-12-24,39.650001525878906,39.20000076293945,39.45000076293945,39.599998474121094,56000.0,38.82313537597656
2019-12-25,39.650001525878906,39.25,39.599998474121094,39.650001525878906,46000.0,38.872154235839844
2019-12-26,39.79999923706055,39.349998474121094,39.349998474121094,39.79999923706055,30000.0,39.01921081542969
2019-12-27,40.099998474121094,39.599998474121094,39.79999923706055,39.900001525878906,71000.0,39.117252349853516
2019-12-30,39.95000076293945,39.599998474121094,39.900001525878906,39.650001525878906,38000.0,38.872154235839844
2019-12-31,39.5,39.20000076293945,39.400001525878906,39.5,71000.0,38.72509765625
2020-01-02,39.54999923706055,39.20000076293945,39.20000076293945,39.349998474121094,35000.0,38.57803726196289
2020-01-03,39.599998474121094,38.79999923706055,39.349998474121094,38.849998474121094,70000.0,38.08784866333008
2020-01-06,38.79999923706055,38.45000076293945,38.79999923706055,38.45000076293945,54000.0,37.69569778442383
2020-01-07,38.75,37.70000076293945,38.400001525878906,38.75,47000.0,37.989810943603516
2020-01-08,38.75,37.70000076293945,38.400001525878906,38.75,47000.0,37.989810943603516
2020-01-09,39.04999923706055,38.79999923706055,38.900001525878906,39.04999923706055,19000.0,38.2839241027832
2020-01-10,39.25,38.900001525878906,39.0,39.099998474121094,31000.0,38.332942962646484
2020-01-13,39.25,38.70000076293945,38.95000076293945,38.95000076293945,18000.0,38.18588638305664
2020-01-14,39.20000076293945,38.70000076293945,39.0,39.20000076293945,33000.0,38.43098449707031
2020-01-15,39.0,38.70000076293945,38.79999923706055,38.79999923706055,15000.0,38.0388298034668
2020-01-16,39.099998474121094,38.5,39.0,38.5,33000.0,37.74471664428711
2020-01-17,38.650001525878906,38.099998474121094,38.54999923706055,38.20000076293945,48000.0,37.450599670410156
2020-01-20,38.25,38.0,38.20000076293945,38.04999923706055,40000.0,37.30354309082031
2020-01-30,35.349998474121094,34.25,35.29999923706055,34.5,285000.0,33.823184967041016
2020-01-31,34.5,33.099998474121094,34.5,33.599998474121094,89000.0,32.94084167480469
2020-02-03,33.0,31.100000381469727,32.20000076293945,32.900001525878906,107000.0,32.25457763671875
2020-02-04,33.900001525878906,33.5,33.70000076293945,33.54999923706055,28000.0,32.891822814941406
2020-02-05,34.099998474121094,33.25,34.099998474121094,33.25,34000.0,32.59770965576172
2020-02-06,33.900001525878906,33.25,33.900001525878906,33.599998474121094,77000.0,32.94084167480469
2020-02-07,33.5,32.599998474121094,33.150001525878906,32.599998474121094,54000.0,31.960458755493164
2020-02-10,32.0,31.0,31.600000381469727,31.649999618530273,79000.0,31.029096603393555
2020-02-11,32.20000076293945,31.649999618530273,31.700000762939453,31.700000762939453,86000.0,31.07811737060547
2020-02-12,32.70000076293945,32.0,32.70000076293945,32.0,33000.0,31.372230529785156
2020-02-13,32.400001525878906,31.549999237060547,32.04999923706055,31.899999618530273,73000.0,31.274192810058594
2020-02-14,32.25,31.75,31.950000762939453,32.20000076293945,74000.0,31.568307876586914
2020-02-17,32.54999923706055,31.899999618530273,32.29999923706055,32.54999923706055,87000.0,31.911439895629883
2020-02-18,32.75,32.29999923706055,32.29999923706055,32.75,40000.0,32.10751724243164
2020-02-19,33.5,32.75,32.79999923706055,33.45000076293945,48000.0,32.793785095214844
2020-02-20,33.900001525878906,33.20000076293945,33.20000076293945,33.900001525878906,25000.0,33.23495864868164
2020-02-21,33.900001525878906,33.349998474121094,33.79999923706055,33.900001525878906,34000.0,33.23495864868164
2020-02-24,35.29999923706055,33.95000076293945,34.20000076293945,35.0,426000.0,34.313377380371094
2020-02-25,35.0,33.650001525878906,35.0,34.650001525878906,148000.0,33.970245361328125
2020-02-26,34.79999923706055,33.900001525878906,34.79999923706055,34.20000076293945,107000.0,33.52907180786133
2020-02-27,34.20000076293945,33.150001525878906,34.20000076293945,33.5,72000.0,32.842803955078125
2020-03-02,32.900001525878906,31.25,31.25,32.79999923706055,75000.0,32.15653610229492
2020-03-03,34.0,33.150001525878906,34.0,33.150001525878906,62000.0,32.499671936035156
2020-03-04,33.5,32.900001525878906,33.150001525878906,33.29999923706055,68000.0,32.646728515625
2020-03-05,33.45000076293945,33.20000076293945,33.29999923706055,33.400001525878906,60000.0,32.74476623535156
2020-03-06,33.099998474121094,32.79999923706055,33.0,32.900001525878906,52000.0,32.25457763671875
2020-03-09,32.0,31.549999237060547,31.850000381469727,31.549999237060547,125000.0,30.93105697631836
2020-03-10,31.149999618530273,30.200000762939453,30.200000762939453,31.149999618530273,104000.0,30.53890609741211
2020-03-11,31.950000762939453,31.200000762939453,31.950000762939453,31.600000381469727,25000.0,30.980077743530273
2020-03-12,30.399999618530273,28.450000762939453,29.649999618530273,28.75,238000.0,28.18598747253418
2020-03-13,27.75,25.950000762939453,26.450000762939453,27.75,268000.0,27.20560646057129
2020-03-16,28.0,26.399999618530273,28.0,26.450000762939453,56000.0,25.931110382080078
2020-03-17,26.0,24.75,26.0,24.850000381469727,115000.0,24.362497329711914
2020-03-18,25.450000762939453,23.649999618530273,23.649999618530273,24.75,78000.0,24.26445960998535
2020-03-19,24.200000762939453,22.299999237060547,24.0,22.299999237060547,212000.0,21.86252212524414
2020-03-20,24.399999618530273,22.399999618530273,22.399999618530273,24.100000381469727,94000.0,23.62721061706543
2020-03-23,25.0,21.799999237060547,21.799999237060547,24.600000381469727,52000.0,24.117403030395508
2020-03-24,24.850000381469727,24.0,24.649999618530273,24.0,132000.0,23.529172897338867
2020-03-25,26.299999237060547,24.649999618530273,24.649999618530273,25.700000762939453,153000.0,25.195823669433594
2020-03-26,27.200000762939453,25.700000762939453,25.899999618530273,27.200000762939453,115000.0,26.666397094726562
2020-03-27,27.549999237060547,26.399999618530273,27.200000762939453,26.399999618530273,73000.0,25.882089614868164
2020-03-30,26.350000381469727,25.75,25.75,26.0,28000.0,25.48993682861328
2020-03-31,27.5,25.899999618530273,26.5,25.899999618530273,50000.0,25.39189910888672
2020-04-01,26.5,26.0,26.5,26.0,30000.0,25.48993682861328
2020-04-06,26.100000381469727,25.899999618530273,26.0,26.100000381469727,24000.0,25.587976455688477
2020-04-07,26.5,26.100000381469727,26.450000762939453,26.200000762939453,51000.0,25.68601417541504
2020-04-08,27.649999618530273,26.450000762939453,26.5,27.350000381469727,61000.0,26.813453674316406
2020-04-09,28.450000762939453,27.149999618530273,27.899999618530273,27.299999237060547,69000.0,26.764432907104492
2020-04-10,27.899999618530273,27.049999237060547,27.100000381469727,27.299999237060547,45000.0,26.764432907104492
2020-04-13,27.100000381469727,26.799999237060547,27.049999237060547,26.899999618530273,43000.0,26.37228012084961
2020-04-14,27.5,27.049999237060547,27.25,27.25,130000.0,26.715415954589844
2020-04-15,27.850000381469727,27.350000381469727,27.350000381469727,27.600000381469727,48000.0,27.058549880981445
2020-04-16,28.950000762939453,27.600000381469727,27.600000381469727,27.649999618530273,69000.0,27.107566833496094
2020-04-17,28.0,27.200000762939453,28.0,27.299999237060547,89000.0,26.764432907104492
2020-04-20,27.600000381469727,27.299999237060547,27.399999618530273,27.399999618530273,145000.0,26.862472534179688
2020-04-21,27.700000762939453,26.75,27.399999618530273,26.75,94000.0,26.225223541259766
2020-04-22,27.049999237060547,26.350000381469727,26.850000381469727,26.799999237060547,66000.0,26.274242401123047
2020-04-23,27.700000762939453,26.899999618530273,27.0,27.700000762939453,11000.0,27.156587600708008
2020-04-24,27.600000381469727,27.299999237060547,27.600000381469727,27.299999237060547,60000.0,26.764432907104492
2020-04-27,27.799999237060547,27.549999237060547,27.600000381469727,27.75,35000.0,27.20560646057129
2020-04-28,28.899999618530273,27.600000381469727,28.0,28.899999618530273,87000.0,28.333045959472656
2020-04-29,30.200000762939453,28.950000762939453,28.950000762939453,29.700000762939453,89000.0,29.117351531982422
2020-04-30,30.450000762939453,29.450000762939453,29.5,30.399999618530273,112000.0,29.803619384765625
2020-05-04,33.400001525878906,30.200000762939453,31.100000381469727,33.400001525878906,646000.0,32.74476623535156
2020-05-05,35.54999923706055,34.0,35.0,34.5,604000.0,33.823184967041016
2020-05-06,35.0,33.099998474121094,35.0,33.54999923706055,143000.0,32.891822814941406
2020-05-07,34.54999923706055,33.79999923706055,33.79999923706055,34.0,138000.0,33.3329963684082
2020-05-08,34.45000076293945,33.5,34.45000076293945,33.5,52000.0,32.842803955078125
2020-05-11,36.849998474121094,34.400001525878906,36.849998474121094,35.0,1373000.0,34.313377380371094
2020-05-12,35.849998474121094,34.70000076293945,35.5,35.29999923706055,248000.0,34.60749053955078
2020-05-13,35.599998474121094,34.54999923706055,35.25,34.900001525878906,173000.0,34.21533966064453
2020-05-14,34.5,33.349998474121094,34.150001525878906,33.349998474121094,229000.0,32.695743560791016
2020-05-15,34.900001525878906,33.400001525878906,34.900001525878906,33.95000076293945,135000.0,33.28397750854492
2020-05-18,34.25,33.20000076293945,34.25,33.400001525878906,56000.0,32.74476623535156
2020-05-19,34.25,33.5,33.599998474121094,33.900001525878906,33000.0,33.23495864868164
2020-05-20,35.29999923706055,33.650001525878906,34.099998474121094,34.5,116000.0,33.823184967041016
2020-05-21,35.400001525878906,34.5,34.54999923706055,34.79999923706055,103000.0,34.1172981262207
2020-05-22,35.25,34.150001525878906,34.79999923706055,34.29999923706055,161000.0,33.62710952758789
2020-05-25,34.5,33.5,34.400001525878906,34.5,70000.0,33.823184967041016
2020-05-26,34.54999923706055,33.650001525878906,34.099998474121094,34.25,157000.0,33.57809066772461
2020-05-27,35.349998474121094,34.20000076293945,34.25,35.0,65000.0,34.313377380371094
2020-05-28,36.5,35.0,35.0,35.04999923706055,314000.0,34.362396240234375
2020-05-29,35.849998474121094,35.150001525878906,35.20000076293945,35.349998474121094,37000.0,34.65650939941406
2020-06-01,35.70000076293945,35.400001525878906,35.45000076293945,35.5,46000.0,34.80356979370117
2020-06-02,36.04999923706055,35.400001525878906,35.5,36.04999923706055,102000.0,35.342777252197266
2020-06-03,39.349998474121094,36.5,37.0,36.900001525878906,196000.0,36.17610549926758
2020-06-04,36.900001525878906,36.5,36.900001525878906,36.79999923706055,38000.0,36.07806396484375
2020-06-05,37.099998474121094,36.099998474121094,36.79999923706055,36.54999923706055,140000.0,35.832969665527344
2020-06-08,36.54999923706055,36.0,36.45000076293945,36.0,159000.0,35.293758392333984
2020-06-09,39.0,37.150001525878906,39.0,37.400001525878906,305000.0,36.66629409790039
2020-06-10,37.400001525878906,36.95000076293945,37.400001525878906,37.29999923706055,132000.0,36.56825637817383
2020-06-11,37.599998474121094,36.75,37.04999923706055,36.79999923706055,82000.0,36.07806396484375
2020-06-12,36.0,34.54999923706055,36.0,35.5,241000.0,34.80356979370117
2020-06-15,35.79999923706055,34.75,35.099998474121094,34.75,89000.0,34.06828308105469
2020-06-16,36.20000076293945,35.04999923706055,35.04999923706055,36.20000076293945,69000.0,35.489837646484375
2020-06-17,36.20000076293945,35.650001525878906,36.20000076293945,35.75,30000.0,35.04866409301758
2020-06-18,36.349998474121094,35.79999923706055,35.95000076293945,36.04999923706055,22000.0,35.342777252197266
2020-06-19,36.79999923706055,35.599998474121094,36.150001525878906,36.25,70000.0,35.538856506347656
2020-06-22,36.79999923706055,36.29999923706055,36.79999923706055,36.400001525878906,58000.0,35.6859130859375
2020-06-23,36.400001525878906,35.70000076293945,36.400001525878906,36.0,100000.0,35.293758392333984
2020-06-24,36.95000076293945,36.04999923706055,36.099998474121094,36.5,112000.0,35.78395080566406
2020-06-29,36.70000076293945,36.099998474121094,36.400001525878906,36.400001525878906,127000.0,35.6859130859375
2020-06-30,40.0,36.900001525878906,36.900001525878906,40.0,1595000.0,39.21528625488281
2020-07-01,44.0,41.5,41.5,44.0,1840000.0,43.136817932128906
2020-07-02,48.400001525878906,45.599998474121094,46.599998474121094,48.400001525878906,2063000.0,47.45050048828125
2020-07-03,53.20000076293945,49.70000076293945,50.0,53.20000076293945,2714000.0,52.156333923339844
2020-07-06,58.5,54.70000076293945,55.79999923706055,58.5,2668000.0,57.352359771728516
2020-07-07,62.20000076293945,55.70000076293945,61.5,57.5,2861000.0,56.37197494506836
2020-07-08,63.20000076293945,58.5,62.79999923706055,63.20000076293945,2414000.0,61.96015548706055
2020-07-09,68.5,59.0,63.70000076293945,59.0,2863000.0,57.84254837036133
2020-07-10,59.599998474121094,54.0,59.599998474121094,58.20000076293945,1216000.0,57.05824661254883
2020-07-13,62.79999923706055,60.79999923706055,61.0,61.099998474121094,1332000.0,59.90135192871094
2020-07-14,63.5,60.0,61.79999923706055,61.79999923706055,1295000.0,60.58761978149414
2020-07-15,63.400001525878906,59.099998474121094,62.79999923706055,59.400001525878906,1245000.0,58.234703063964844
2020-07-16,60.79999923706055,58.0,58.400001525878906,60.70000076293945,853000.0,59.50920104980469
2020-07-17,62.0,56.29999923706055,62.0,58.5,887000.0,57.352359771728516
2020-07-20,62.0,57.0,59.20000076293945,60.599998474121094,1397000.0,59.41115951538086
2020-07-21,66.5999984741211,60.0,62.599998474121094,60.599998474121094,3083000.0,59.41115951538086
2020-07-22,65.80000305175781,56.0,62.900001525878906,56.0,5432000.0,54.901405334472656
2020-07-23,58.0,56.0,56.599998474121094,58.0,1513000.0,56.86216735839844
2020-07-24,58.70000076293945,54.0,57.79999923706055,56.400001525878906,1448000.0,55.293556213378906
2020-07-27,57.900001525878906,50.79999923706055,57.900001525878906,51.0,1678000.0,49.99949264526367
2020-07-28,52.0,48.599998474121094,52.0,50.70000076293945,1275000.0,49.705379486083984
2020-07-29,54.5,50.20000076293945,51.0,53.0,1224000.0,51.96025848388672
2020-07-30,55.5,53.20000076293945,53.900001525878906,54.5,1009000.0,53.43083190917969
2020-07-31,54.900001525878906,53.20000076293945,54.5,54.0,449000.0,52.94063949584961
2020-08-03,54.29999923706055,52.20000076293945,54.0,54.0,385000.0,52.94063949584961
2020-08-04,54.400001525878906,53.400001525878906,54.0,54.099998474121094,315000.0,53.03867721557617
2020-08-05,58.900001525878906,55.0,55.29999923706055,56.099998474121094,1841000.0,54.99943923950195
2020-08-06,57.29999923706055,55.599998474121094,57.0,56.70000076293945,584000.0,55.58767318725586
2020-08-07,62.29999923706055,58.099998474121094,59.900001525878906,62.29999923706055,4435000.0,61.07781219482422
2020-08-10,66.9000015258789,60.0,64.9000015258789,61.20000076293945,3698000.0,59.999393463134766
2020-08-11,65.4000015258789,59.70000076293945,62.0,59.70000076293945,4324000.0,59.70000076293945
2020-08-12,62.099998474121094,57.099998474121094,58.79999923706055,62.099998474121094,1709000.0,62.099998474121094
2020-08-13,64.0,60.099998474121094,61.5,60.79999923706055,1736000.0,60.79999923706055
2020-08-14,62.5,58.79999923706055,60.900001525878906,62.0,1371000.0,62.0
2020-08-17,68.19999694824219,62.20000076293945,62.20000076293945,68.19999694824219,7061000.0,68.19999694824219
2020-08-18,67.0999984741211,63.0,66.5,65.69999694824219,3663000.0,65.69999694824219
2020-08-19,71.9000015258789,64.5,64.80000305175781,66.9000015258789,6469000.0,66.9000015258789
2020-08-20,68.80000305175781,60.29999923706055,66.69999694824219,61.400001525878906,5028000.0,61.400001525878906
2020-08-21,65.30000305175781,62.20000076293945,63.79999923706055,63.400001525878906,2182000.0,63.400001525878906
2020-08-24,64.5,62.20000076293945,62.5,63.0,1305000.0,63.0
2020-08-25,69.30000305175781,63.70000076293945,64.69999694824219,69.30000305175781,4507000.0,69.30000305175781
2020-08-26,76.19999694824219,72.0,72.30000305175781,74.30000305175781,12549000.0,74.30000305175781
2020-08-27,75.9000015258789,70.0999984741211,75.0,72.80000305175781,5900000.0,72.80000305175781
2020-08-28,75.0,70.5999984741211,74.0,74.5,3606000.0,74.5
2020-08-31,81.0,73.80000305175781,74.30000305175781,79.0,7486000.0,79.0
2020-09-01,81.80000305175781,75.80000305175781,76.5,80.0,5127000.0,80.0
2020-09-02,79.19999694824219,72.5,78.5999984741211,72.5,7003000.0,72.5
2020-09-03,74.69999694824219,70.0999984741211,73.80000305175781,70.5,3131000.0,70.5
2020-09-04,71.69999694824219,67.69999694824219,68.30000305175781,70.4000015258789,2669000.0,70.4000015258789
2020-09-07,72.0,65.0,71.5,65.69999694824219,2247000.0,65.69999694824219
2020-09-08,67.4000015258789,65.69999694824219,66.5,66.5,1043000.0,66.5
2020-09-09,69.5999984741211,65.30000305175781,65.30000305175781,69.30000305175781,892000.0,69.30000305175781
2020-09-10,71.19999694824219,66.80000305175781,70.0,67.80000305175781,1602000.0,67.80000305175781
2020-09-11,68.69999694824219,65.5,67.30000305175781,65.69999694824219,932000.0,65.69999694824219
2020-09-14,68.0,65.0999984741211,65.0999984741211,67.0999984741211,629000.0,67.0999984741211
2020-09-15,68.4000015258789,66.19999694824219,67.5999984741211,66.19999694824219,628000.0,66.19999694824219
2020-09-16,68.4000015258789,66.5,66.5,67.30000305175781,539000.0,67.30000305175781
2020-09-17,68.30000305175781,67.0,67.5999984741211,67.30000305175781,363000.0,67.30000305175781
2020-09-18,68.80000305175781,67.4000015258789,67.80000305175781,67.69999694824219,640000.0,67.69999694824219
2020-09-21,68.0999984741211,66.4000015258789,67.5,66.9000015258789,413000.0,66.9000015258789
2020-09-22,66.9000015258789,64.0,66.9000015258789,64.5,568000.0,64.5
2020-09-23,67.0,64.19999694824219,64.9000015258789,64.69999694824219,413000.0,64.69999694824219
2020-09-24,65.0,63.0,63.900001525878906,63.0,598000.0,63.0
2020-09-25,63.599998474121094,57.5,63.400001525878906,59.900001525878906,1180000.0,59.900001525878906
2020-09-28,62.20000076293945,59.900001525878906,61.099998474121094,61.0,480000.0,61.0
2020-09-29,62.0,60.0,61.5,60.20000076293945,256000.0,60.20000076293945
2020-09-30,62.20000076293945,59.400001525878906,61.70000076293945,62.0,351000.0,62.0
2020-10-05,63.29999923706055,61.5,62.0,63.0,310000.0,63.0
2020-10-06,64.0,62.599998474121094,63.79999923706055,63.599998474121094,251000.0,63.599998474121094
2020-10-07,64.5999984741211,62.79999923706055,63.099998474121094,64.4000015258789,302000.0,64.4000015258789
2020-10-08,67.5,64.5,64.5,67.0999984741211,1007000.0,67.0999984741211
2020-10-12,70.5,67.4000015258789,70.5,67.5,1360000.0,67.5
2020-10-13,69.80000305175781,67.0,68.5,69.5,1116000.0,69.5
2020-10-14,73.69999694824219,68.80000305175781,68.80000305175781,73.0,2340000.0,73.0
2020-10-15,73.0,70.5999984741211,71.9000015258789,71.5,1093000.0,71.5
2020-10-16,72.5999984741211,69.0,71.69999694824219,70.5,767000.0,70.5
2020-10-19,71.19999694824219,69.80000305175781,71.0,71.0,457000.0,71.0
2020-10-20,72.0,70.30000305175781,70.80000305175781,72.0,471000.0,72.0
2020-10-21,74.80000305175781,71.9000015258789,71.9000015258789,73.5,1685000.0,73.5
2020-10-22,73.5,71.30000305175781,73.0,72.5,605000.0,72.5
2020-10-23,75.80000305175781,72.4000015258789,73.4000015258789,72.4000015258789,2651000.0,72.4000015258789
2020-10-26,73.19999694824219,71.5999984741211,72.0,73.0,638000.0,73.0
2020-10-27,74.9000015258789,72.30000305175781,72.30000305175781,74.9000015258789,904000.0,74.9000015258789
2020-10-28,77.5,73.30000305175781,76.19999694824219,73.30000305175781,1808000.0,73.30000305175781
2020-10-29,73.9000015258789,70.5,71.19999694824219,73.9000015258789,830000.0,73.9000015258789
2020-10-30,74.5,69.9000015258789,74.0,69.9000015258789,1117000.0,69.9000015258789
2020-11-02,71.9000015258789,68.5,70.4000015258789,70.0,673000.0,70.0
2020-11-03,71.30000305175781,70.0999984741211,70.5,70.69999694824219,354000.0,70.69999694824219
2020-11-04,72.69999694824219,70.30000305175781,71.5999984741211,70.5999984741211,752000.0,70.5999984741211
2020-11-05,71.80000305175781,70.0,70.69999694824219,70.5999984741211,355000.0,70.5999984741211
2020-11-06,72.9000015258789,70.5999984741211,71.0999984741211,71.0,681000.0,71.0
2020-11-09,72.4000015258789,71.0,71.80000305175781,71.4000015258789,493000.0,71.4000015258789
2020-11-10,72.0,68.19999694824219,72.0,68.4000015258789,1248000.0,68.4000015258789
2020-11-11,69.19999694824219,66.30000305175781,68.19999694824219,67.30000305175781,884000.0,67.30000305175781
2020-11-12,69.5,66.4000015258789,67.30000305175781,68.69999694824219,657000.0,68.69999694824219
2020-11-13,69.19999694824219,67.80000305175781,68.0,68.9000015258789,238000.0,68.9000015258789
2020-11-16,70.0999984741211,67.69999694824219,69.9000015258789,67.9000015258789,458000.0,67.9000015258789
2020-11-17,68.9000015258789,67.69999694824219,68.5,68.9000015258789,276000.0,68.9000015258789
2020-11-18,68.9000015258789,68.0,68.9000015258789,68.0,341000.0,68.0
2020-11-19,69.19999694824219,68.0,68.30000305175781,68.0999984741211,365000.0,68.0999984741211
2020-11-20,68.69999694824219,67.4000015258789,68.69999694824219,67.69999694824219,411000.0,67.69999694824219
2020-11-23,68.69999694824219,67.80000305175781,68.69999694824219,68.0,227000.0,68.0
2020-11-24,71.9000015258789,68.0999984741211,68.4000015258789,71.0,1623000.0,71.0
2020-11-25,75.19999694824219,71.19999694824219,71.69999694824219,73.80000305175781,3443000.0,73.80000305175781
2020-11-26,76.0,73.0999984741211,73.80000305175781,74.0,2627000.0,74.0
2020-11-27,74.69999694824219,73.30000305175781,74.19999694824219,73.69999694824219,716000.0,73.69999694824219
2020-11-30,74.80000305175781,73.19999694824219,74.0999984741211,73.19999694824219,642000.0,73.19999694824219
2020-12-01,73.9000015258789,70.9000015258789,73.9000015258789,71.5999984741211,640000.0,71.5999984741211
2020-12-02,73.5,71.69999694824219,71.69999694824219,72.5999984741211,480000.0,72.5999984741211
2020-12-03,72.9000015258789,71.4000015258789,72.80000305175781,71.5999984741211,510000.0,71.5999984741211
2020-12-04,72.5999984741211,71.5999984741211,72.0,72.30000305175781,486000.0,72.30000305175781
2020-12-07,72.80000305175781,71.4000015258789,72.69999694824219,71.5,330000.0,71.5
2020-12-08,73.80000305175781,72.30000305175781,72.9000015258789,73.0,841000.0,73.0
2020-12-09,77.4000015258789,73.5999984741211,74.80000305175781,73.5999984741211,2956000.0,73.5999984741211
2020-12-10,73.80000305175781,72.19999694824219,73.0999984741211,72.5,708000.0,72.5
2020-12-11,73.19999694824219,70.30000305175781,73.19999694824219,71.0,812000.0,71.0
2020-12-14,72.19999694824219,70.9000015258789,71.0,71.30000305175781,251000.0,71.30000305175781
2020-12-15,71.5,69.5999984741211,71.30000305175781,69.80000305175781,496000.0,69.80000305175781
2020-12-16,70.69999694824219,69.9000015258789,70.0999984741211,70.30000305175781,179000.0,70.30000305175781
2020-12-17,70.80000305175781,69.5,70.5,69.80000305175781,305000.0,69.80000305175781
2020-12-18,70.30000305175781,69.30000305175781,70.30000305175781,69.5999984741211,185000.0,69.5999984741211
2020-12-21,69.5999984741211,67.9000015258789,69.30000305175781,69.0,264000.0,69.0
2020-12-22,70.4000015258789,68.30000305175781,69.0,68.30000305175781,236000.0,68.30000305175781
2020-12-23,68.9000015258789,68.0999984741211,68.0999984741211,68.19999694824219,206000.0,68.19999694824219
2020-12-24,70.69999694824219,69.0,69.0,70.0,156000.0,70.0
2020-12-25,71.69999694824219,69.80000305175781,71.0,70.5,213000.0,70.5
2020-12-28,72.5,69.5999984741211,70.5,72.4000015258789,444000.0,72.4000015258789
2020-12-29,73.0,70.80000305175781,73.0,70.80000305175781,361000.0,70.80000305175781
2020-12-30,73.0,71.0,71.4000015258789,71.0,318000.0,71.0
2020-12-31,72.0999984741211,71.0,71.0,71.30000305175781,172000.0,71.30000305175781
2021-01-04,72.30000305175781,70.5,72.19999694824219,71.30000305175781,312000.0,71.30000305175781
2021-01-05,72.0999984741211,70.5,71.80000305175781,71.4000015258789,222000.0,71.4000015258789
2021-01-06,72.0,69.30000305175781,72.0,70.0,301000.0,70.0
2021-01-07,72.80000305175781,71.0,71.80000305175781,72.0,503000.0,72.0
2021-01-08,75.80000305175781,72.0,73.0,72.19999694824219,1721000.0,72.19999694824219
2021-01-11,73.80000305175781,72.0,73.4000015258789,72.5,471000.0,72.5
2021-01-12,73.69999694824219,70.30000305175781,73.69999694824219,70.5999984741211,528000.0,70.5999984741211
2021-01-13,72.4000015258789,71.0,71.0,71.80000305175781,244000.0,71.80000305175781
2021-01-14,73.69999694824219,71.5999984741211,73.5,72.4000015258789,632000.0,72.4000015258789
2021-01-15,73.19999694824219,70.4000015258789,73.19999694824219,70.80000305175781,365000.0,70.80000305175781
2021-01-18,71.30000305175781,68.0999984741211,70.80000305175781,69.5999984741211,492000.0,69.5999984741211
2021-01-19,71.4000015258789,69.5,69.69999694824219,71.0999984741211,387000.0,71.0999984741211
2021-01-20,73.4000015258789,70.19999694824219,72.0,70.30000305175781,872000.0,70.30000305175781
2021-01-21,77.0,71.69999694824219,72.0999984741211,72.0,5219000.0,72.0
2021-01-22,73.5999984741211,70.9000015258789,72.0,72.0,1195000.0,72.0
2021-01-25,79.19999694824219,71.5,72.0,79.19999694824219,4613000.0,79.19999694824219
2021-01-26,83.19999694824219,73.80000305175781,80.19999694824219,75.80000305175781,8117000.0,75.80000305175781
2021-01-27,79.80000305175781,76.0,76.0999984741211,77.0999984741211,2649000.0,77.0999984741211
2021-01-28,79.19999694824219,74.69999694824219,74.69999694824219,78.5,2077000.0,78.5
2021-01-29,86.30000305175781,75.30000305175781,82.0,76.0,11693000.0,76.0
2021-02-01,77.80000305175781,72.0,77.69999694824219,72.0,2858000.0,72.0
2021-02-02,73.30000305175781,70.9000015258789,72.5,71.0,1382000.0,71.0
2021-02-03,75.5,73.4000015258789,74.5999984741211,75.0,2259000.0,75.0
2021-02-04,77.5999984741211,74.69999694824219,75.5999984741211,76.0,2356000.0,76.0
2021-02-05,76.5,74.9000015258789,76.4000015258789,74.9000015258789,804000.0,74.9000015258789
2021-02-17,77.9000015258789,75.9000015258789,77.9000015258789,76.80000305175781,895000.0,76.80000305175781
2021-02-18,84.4000015258789,76.5,76.80000305175781,83.69999694824219,4052000.0,83.69999694824219
2021-02-19,85.0999984741211,79.9000015258789,83.0,83.5,2731000.0,83.5
2021-02-22,91.80000305175781,81.80000305175781,84.0999984741211,91.80000305175781,6299000.0,91.80000305175781
2021-02-23,100.5,95.5,98.9000015258789,100.5,5604000.0,100.5
2021-02-24,105.0,92.0,103.0,92.4000015258789,8680000.0,92.4000015258789
2021-02-25,101.5,95.5,96.4000015258789,101.5,4266000.0,101.5
2021-02-26,111.5,98.19999694824219,99.30000305175781,111.5,12434000.0,111.5
2021-03-02,120.5,104.0,114.5,104.0,18744000.0,104.0
2021-03-03,114.0,104.0,106.0,104.0,16514000.0,104.0
2021-03-04,107.0,97.0,104.0,98.30000305175781,9147000.0,98.30000305175781
2021-03-05,101.5,96.0,96.4000015258789,96.5999984741211,4353000.0,96.5999984741211
2021-03-08,99.5999984741211,92.80000305175781,97.19999694824219,93.0,2856000.0,93.0
2021-03-09,97.5,91.19999694824219,93.0,96.30000305175781,2925000.0,96.30000305175781
2021-03-10,97.4000015258789,92.80000305175781,95.4000015258789,93.0,1870000.0,93.0
2021-03-11,96.80000305175781,93.80000305175781,93.80000305175781,94.9000015258789,1787000.0,94.9000015258789
2021-03-12,98.69999694824219,94.4000015258789,94.9000015258789,98.19999694824219,2433000.0,98.19999694824219
2021-03-15,103.5,97.30000305175781,97.4000015258789,98.4000015258789,4276000.0,98.4000015258789
2021-03-16,101.0,96.30000305175781,99.0,96.9000015258789,2005000.0,96.9000015258789
2021-03-17,98.69999694824219,96.5,97.4000015258789,96.9000015258789,1019000.0,96.9000015258789
2021-03-18,98.80000305175781,96.80000305175781,98.5,96.9000015258789,894000.0,96.9000015258789
2021-03-19,96.80000305175781,92.9000015258789,96.80000305175781,93.30000305175781,1471000.0,93.30000305175781
2021-03-22,95.30000305175781,92.5999984741211,93.30000305175781,93.5,817000.0,93.5
2021-03-23,94.69999694824219,89.5,94.69999694824219,89.5,1485000.0,89.5
2021-03-24,94.0999984741211,89.9000015258789,90.80000305175781,93.80000305175781,1038000.0,93.80000305175781
2021-03-25,95.0,91.30000305175781,94.5999984741211,91.4000015258789,799000.0,91.4000015258789
2021-03-26,93.0,91.5999984741211,92.19999694824219,92.5999984741211,307000.0,92.5999984741211
2021-03-29,93.80000305175781,91.0999984741211,92.80000305175781,92.5999984741211,513000.0,92.5999984741211
2021-03-30,93.5,92.0,93.0999984741211,92.19999694824219,553000.0,92.19999694824219
2021-03-31,98.69999694824219,92.0999984741211,92.4000015258789,97.9000015258789,2563000.0,97.9000015258789
2021-04-01,99.80000305175781,96.4000015258789,99.5999984741211,97.19999694824219,2390000.0,97.19999694824219
2021-04-07,108.0,98.0,99.30000305175781,102.5,5331000.0,102.5
2021-04-08,105.0,99.0999984741211,103.0,99.0999984741211,3160000.0,99.0999984741211
2021-04-09,100.0,96.0,99.0999984741211,96.19999694824219,1753000.0,96.19999694824219
2021-04-12,97.30000305175781,92.5,96.5999984741211,92.69999694824219,1242000.0,92.69999694824219
2021-04-13,93.80000305175781,90.19999694824219,92.69999694824219,90.5,1200000.0,90.5
2021-04-14,91.80000305175781,85.0,90.69999694824219,88.4000015258789,1195000.0,88.4000015258789
2021-04-15,90.5999984741211,88.30000305175781,89.0,89.69999694824219,354000.0,89.69999694824219
2021-04-16,91.19999694824219,89.4000015258789,90.0,89.4000015258789,410000.0,89.4000015258789
2021-04-19,90.0999984741211,86.30000305175781,90.0999984741211,86.5,656000.0,86.5
2021-04-20,88.0,84.9000015258789,86.5,86.5,426000.0,86.5
2021-04-21,87.80000305175781,85.0,86.9000015258789,85.19999694824219,552000.0,85.19999694824219
2021-04-22,86.4000015258789,81.0,86.4000015258789,81.0,775000.0,81.0
2021-04-23,82.0,80.0999984741211,81.0,80.80000305175781,537000.0,80.80000305175781
2021-05-05,72.30000305175781,68.0999984741211,70.0,69.19999694824219,827648.0,69.19999694824219
